FECHA_OPERACION,VENTA,VENTA_FORE,FORE_LOWER,FORE_UPPER
2023-01-01,305661.8,305661.8125,305661.8125,305661.8125
2023-01-02,355525.2,355525.1875,355525.1875,355525.1875
2023-01-03,402932.03,402932.03125,402932.03125,402932.03125
2023-01-04,319218.8,319218.8125,319218.8125,319218.8125
2023-01-05,269913.34,269913.34375,269913.34375,269913.34375
2023-01-06,255089.86,255089.859375,255089.859375,255089.859375
2023-01-07,323670.9,323670.90625,323670.90625,323670.90625
2023-01-08,281108.47,281108.46875,281108.46875,281108.46875
2023-01-09,303084.03,303084.03125,303084.03125,303084.03125
2023-01-10,231070.48,231070.484375,231070.484375,231070.484375
2023-01-11,203028.02,203028.015625,203028.015625,203028.015625
2023-01-12,209192.31,209192.3125,209192.3125,209192.3125
2023-01-13,237421.03,237421.03125,237421.03125,237421.03125
2023-01-14,219416.66,219416.65625,219416.65625,219416.65625
2023-01-15,223966.78,223966.78125,223966.78125,223966.78125
2023-01-16,270557.7,270557.6875,270557.6875,270557.6875
2023-01-17,187501.2,187501.203125,187501.203125,187501.203125
2023-01-18,225645.73,225645.734375,225645.734375,225645.734375
2023-01-19,173552.27,173552.265625,173552.265625,173552.265625
2023-01-20,238022.2,238022.203125,238022.203125,238022.203125
2023-01-21,179212.86,179212.859375,179212.859375,179212.859375
2023-01-22,212141.6,212141.59375,212141.59375,212141.59375
2023-01-23,233262.45,233262.453125,233262.453125,233262.453125
2023-01-24,170103.14,170103.140625,170103.140625,170103.140625
2023-01-25,190191.3,190191.296875,190191.296875,190191.296875
2023-01-26,287139.78,287139.78125,287139.78125,287139.78125
2023-01-27,194852.88,194852.875,194852.875,194852.875
2023-01-28,146004.56,146004.5625,146004.5625,146004.5625
2023-01-29,260065.89,260065.890625,260065.890625,260065.890625
2023-01-30,219710.55,219710.546875,219710.546875,219710.546875
2023-01-31,172256.06,172256.0625,172256.0625,172256.0625
2023-02-01,204294.36,204294.359375,204294.359375,204294.359375
2023-02-02,254629.75,254629.75,254629.75,254629.75
2023-02-03,245396.98,245396.984375,245396.984375,245396.984375
2023-02-04,165961.02,165961.015625,165961.015625,165961.015625
2023-02-05,168068.52,168068.515625,168068.515625,168068.515625
2023-02-06,264162.38,264162.375,264162.375,264162.375
2023-02-07,240991.66,240991.65625,240991.65625,240991.65625
2023-02-08,210745.86,210745.859375,210745.859375,210745.859375
2023-02-09,292604.44,292604.4375,292604.4375,292604.4375
2023-02-10,185342.47,185342.46875,185342.46875,185342.46875
2023-02-11,158655.2,158655.203125,158655.203125,158655.203125
2023-02-12,196991.16,196991.15625,196991.15625,196991.15625
2023-02-13,223934.36,223934.359375,223934.359375,223934.359375
2023-02-14,178084.02,178084.015625,178084.015625,178084.015625
2023-02-15,276998.78,276998.78125,276998.78125,276998.78125
2023-02-16,248531.83,248531.828125,248531.828125,248531.828125
2023-02-17,268233.9,268233.90625,268233.90625,268233.90625
2023-02-18,166434.08,166434.078125,166434.078125,166434.078125
2023-02-19,212376.22,212376.21875,212376.21875,212376.21875
2023-02-20,206802.5,206802.5,206802.5,206802.5
2023-02-21,170445.64,170445.640625,170445.640625,170445.640625
2023-02-22,184241.53,184241.53125,184241.53125,184241.53125
2023-02-23,249602.64,249602.640625,249602.640625,249602.640625
2023-02-24,319199.44,319199.4375,319199.4375,319199.4375
2023-02-25,170278.06,170278.0625,170278.0625,170278.0625
2023-02-26,227210.8,227210.796875,227210.796875,227210.796875
2023-02-27,361905.25,361905.25,361905.25,361905.25
2023-02-28,214035.16,214035.15625,214035.15625,214035.15625
2023-03-01,317946.53,317946.53125,317946.53125,317946.53125
2023-03-02,328172.9,328172.90625,328172.90625,328172.90625
2023-03-03,306457.56,306457.5625,306457.5625,306457.5625
2023-03-04,197107.98,197107.984375,197107.984375,197107.984375
2023-03-05,256234.78,256234.78125,256234.78125,256234.78125
2023-03-06,250335.4,250335.40625,250335.40625,250335.40625
2023-03-07,209534.48,209534.484375,209534.484375,209534.484375
2023-03-08,198277.56,198277.5625,198277.5625,198277.5625
2023-03-09,256220.92,256220.921875,256220.921875,256220.921875
2023-03-10,235240.28,235240.28125,235240.28125,235240.28125
2023-03-11,205763.88,205763.875,205763.875,205763.875
2023-03-12,200727.34,200727.34375,200727.34375,200727.34375
2023-03-13,286995.34,286995.34375,286995.34375,286995.34375
2023-03-14,245046.78,245046.78125,245046.78125,245046.78125
2023-03-15,295154.66,295154.65625,295154.65625,295154.65625
2023-03-16,385540.2,385540.1875,385540.1875,385540.1875
2023-03-17,279921.0,279921.0,279921.0,279921.0
2023-03-18,282760.1,282760.09375,282760.09375,282760.09375
2023-03-19,323320.5,323320.5,323320.5,323320.5
2023-03-20,341214.2,341214.1875,341214.1875,341214.1875
2023-03-21,254759.83,254759.828125,254759.828125,254759.828125
2023-03-22,254466.34,254466.34375,254466.34375,254466.34375
2023-03-23,302186.78,302186.78125,302186.78125,302186.78125
2023-03-24,319618.8,319618.8125,319618.8125,319618.8125
2023-03-25,360043.88,360043.875,360043.875,360043.875
2023-03-26,284679.94,284679.9375,284679.9375,284679.9375
2023-03-27,327798.47,327798.46875,327798.46875,327798.46875
2023-03-28,311290.34,311290.34375,311290.34375,311290.34375
2023-03-29,378400.56,378400.5625,378400.5625,378400.5625
2023-03-30,414471.34,414471.34375,414471.34375,414471.34375
2023-03-31,415065.53,415065.53125,415065.53125,415065.53125
2023-04-01,370448.44,370448.4375,370448.4375,370448.4375
2023-04-02,408972.78,408972.78125,408972.78125,408972.78125
2023-04-03,373597.47,373597.46875,373597.46875,373597.46875
2023-04-04,347659.6,347659.59375,347659.59375,347659.59375
2023-04-05,392920.22,392920.21875,392920.21875,392920.21875
2023-04-06,382722.3,382722.3125,382722.3125,382722.3125
2023-04-07,219285.3,219285.296875,219285.296875,219285.296875
2023-04-08,337254.62,337254.625,337254.625,337254.625
2023-04-09,290151.5,290151.5,290151.5,290151.5
2023-04-10,372554.6,372554.59375,372554.59375,372554.59375
2023-04-11,318508.56,318508.5625,318508.5625,318508.5625
2023-04-12,283710.03,283710.03125,283710.03125,283710.03125
2023-04-13,256721.31,256721.3125,256721.3125,256721.3125
2023-04-14,290370.34,290370.34375,290370.34375,290370.34375
2023-04-15,246316.39,246316.390625,246316.390625,246316.390625
2023-04-16,256065.69,256065.6875,256065.6875,256065.6875
2023-04-17,239935.94,239935.9375,239935.9375,239935.9375
2023-04-18,266790.25,266790.25,266790.25,266790.25
2023-04-19,254797.16,254797.15625,254797.15625,254797.15625
2023-04-20,325881.53,325881.53125,325881.53125,325881.53125
2023-04-21,314659.75,314659.75,314659.75,314659.75
2023-04-22,226505.34,226505.34375,226505.34375,226505.34375
2023-04-23,284065.5,284065.5,284065.5,284065.5
2023-04-24,253065.67,253065.671875,253065.671875,253065.671875
2023-04-25,288671.9,288671.90625,288671.90625,288671.90625
2023-04-26,329153.53,329153.53125,329153.53125,329153.53125
2023-04-27,311394.5,311394.5,311394.5,311394.5
2023-04-28,438299.56,438299.5625,438299.5625,438299.5625
2023-04-29,258908.88,258908.875,258908.875,258908.875
2023-04-30,277944.8,277944.8125,277944.8125,277944.8125
2023-05-01,351508.62,351508.625,351508.625,351508.625
2023-05-02,289083.8,289083.8125,289083.8125,289083.8125
2023-05-03,267050.84,267050.84375,267050.84375,267050.84375
2023-05-04,296881.22,296881.21875,296881.21875,296881.21875
2023-05-05,271479.25,271479.25,271479.25,271479.25
2023-05-06,298209.38,298209.375,298209.375,298209.375
2023-05-07,283850.56,283850.5625,283850.5625,283850.5625
2023-05-08,258197.17,258197.171875,258197.171875,258197.171875
2023-05-09,268770.4,268770.40625,268770.40625,268770.40625
2023-05-10,261016.62,261016.625,261016.625,261016.625
2023-05-11,283686.7,283686.6875,283686.6875,283686.6875
2023-05-12,315935.56,315935.5625,315935.5625,315935.5625
2023-05-13,236817.73,236817.734375,236817.734375,236817.734375
2023-05-14,270983.38,270983.375,270983.375,270983.375
2023-05-15,393933.97,393933.96875,393933.96875,393933.96875
2023-05-16,323418.66,323418.65625,323418.65625,323418.65625
2023-05-17,344609.75,344609.75,344609.75,344609.75
2023-05-18,364051.84,364051.84375,364051.84375,364051.84375
2023-05-19,347991.62,347991.625,347991.625,347991.625
2023-05-20,397899.25,397899.25,397899.25,397899.25
2023-05-21,327054.2,327054.1875,327054.1875,327054.1875
2023-05-22,484850.5,484850.5,484850.5,484850.5
2023-05-23,356933.38,356933.375,356933.375,356933.375
2023-05-24,282419.16,282419.15625,282419.15625,282419.15625
2023-05-25,290490.94,290490.9375,290490.9375,290490.9375
2023-05-26,363597.2,363597.1875,363597.1875,363597.1875
2023-05-27,252367.14,252367.140625,252367.140625,252367.140625
2023-05-28,247959.2,247959.203125,247959.203125,247959.203125
2023-05-29,267161.34,267161.34375,267161.34375,267161.34375
2023-05-30,249198.06,249198.0625,249198.0625,249198.0625
2023-05-31,291235.8,291235.8125,291235.8125,291235.8125
2023-06-01,263057.34,263057.34375,263057.34375,263057.34375
2023-06-02,280807.7,280807.6875,280807.6875,280807.6875
2023-06-03,201110.06,201110.0625,201110.0625,201110.0625
2023-06-04,218128.81,218128.8125,218128.8125,218128.8125
2023-06-05,246468.72,246468.71875,246468.71875,246468.71875
2023-06-06,197318.89,197318.890625,197318.890625,197318.890625
2023-06-07,287743.72,287743.71875,287743.71875,287743.71875
2023-06-08,246620.9,246620.90625,246620.90625,246620.90625
2023-06-09,363373.9,363373.90625,363373.90625,363373.90625
2023-06-10,188763.19,188763.1875,188763.1875,188763.1875
2023-06-11,303440.56,303440.5625,303440.5625,303440.5625
2023-06-12,349055.5,349055.5,349055.5,349055.5
2023-06-13,271137.7,271137.6875,271137.6875,271137.6875
2023-06-14,298393.72,298393.71875,298393.71875,298393.71875
2023-06-15,308044.75,308044.75,308044.75,308044.75
2023-06-16,363810.16,363810.15625,363810.15625,363810.15625
2023-06-17,246101.22,246101.21875,246101.21875,246101.21875
2023-06-18,235770.94,235770.9375,235770.9375,235770.9375
2023-06-19,313609.72,313609.71875,313609.71875,313609.71875
2023-06-20,245923.81,245923.8125,245923.8125,245923.8125
2023-06-21,254237.62,254237.625,254237.625,254237.625
2023-06-22,278317.06,278317.0625,278317.0625,278317.0625
2023-06-23,342397.62,342397.625,342397.625,342397.625
2023-06-24,209376.98,209376.984375,209376.984375,209376.984375
2023-06-25,296957.34,296957.34375,296957.34375,296957.34375
2023-06-26,303203.38,303203.375,303203.375,303203.375
2023-06-27,279803.03,279803.03125,279803.03125,279803.03125
2023-06-28,291233.4,291233.40625,291233.40625,291233.40625
2023-06-29,277515.72,277515.71875,277515.71875,277515.71875
2023-06-30,384811.62,384811.625,384811.625,384811.625
2023-07-01,259197.75,259197.75,259197.75,259197.75
2023-07-02,271332.2,271332.1875,271332.1875,271332.1875
2023-07-03,331038.78,331038.78125,331038.78125,331038.78125
2023-07-04,342272.66,342272.65625,342272.65625,342272.65625
2023-07-05,289449.16,289449.15625,289449.15625,289449.15625
2023-07-06,353063.56,353063.5625,353063.5625,353063.5625
2023-07-07,252757.42,252757.421875,252757.421875,252757.421875
2023-07-08,205773.89,205773.890625,205773.890625,205773.890625
2023-07-09,294810.7,294810.6875,294810.6875,294810.6875
2023-07-10,299804.16,299804.15625,299804.15625,299804.15625
2023-07-11,303186.88,303186.875,303186.875,303186.875
2023-07-12,431702.9,431702.90625,431702.90625,431702.90625
2023-07-13,411130.03,411130.03125,411130.03125,411130.03125
2023-07-14,314842.88,314842.875,314842.875,314842.875
2023-07-15,268974.6,268974.59375,268974.59375,268974.59375
2023-07-16,314194.8,314194.8125,314194.8125,314194.8125
2023-07-17,453070.84,453070.84375,453070.84375,453070.84375
2023-07-18,311681.88,311681.875,311681.875,311681.875
2023-07-19,335690.84,335690.84375,335690.84375,335690.84375
2023-07-20,398706.97,398706.96875,398706.96875,398706.96875
2023-07-21,319263.75,319263.75,319263.75,319263.75
2023-07-22,273668.1,273668.09375,273668.09375,273668.09375
2023-07-23,287951.47,287951.46875,287951.46875,287951.46875
2023-07-24,412496.9,412496.90625,412496.90625,412496.90625
2023-07-25,363197.06,363197.0625,363197.0625,363197.0625
2023-07-26,318787.9,318787.90625,318787.90625,318787.90625
2023-07-27,317668.6,317668.59375,317668.59375,317668.59375
2023-07-28,407574.25,407574.25,407574.25,407574.25
2023-07-29,291416.06,291416.0625,291416.0625,291416.0625
2023-07-30,307192.62,307192.625,307192.625,307192.625
2023-07-31,375898.22,375898.21875,375898.21875,375898.21875
2023-08-01,367733.28,367733.28125,367733.28125,367733.28125
2023-08-02,387203.4,387203.40625,387203.40625,387203.40625
2023-08-03,390407.2,390407.1875,390407.1875,390407.1875
2023-08-04,322268.88,322268.875,322268.875,322268.875
2023-08-05,263614.8,263614.8125,263614.8125,263614.8125
2023-08-06,303768.34,303768.34375,303768.34375,303768.34375
2023-08-07,337563.34,337563.34375,337563.34375,337563.34375
2023-08-08,447471.22,447471.21875,447471.21875,447471.21875
2023-08-09,365901.34,365901.34375,365901.34375,365901.34375
2023-08-10,388275.4,388275.40625,388275.40625,388275.40625
2023-08-11,316422.56,316422.5625,316422.5625,316422.5625
2023-08-12,276166.0,276166.0,276166.0,276166.0
2023-08-13,271364.84,271364.84375,271364.84375,271364.84375
2023-08-14,442964.16,442964.15625,442964.15625,442964.15625
2023-08-15,415998.72,415998.71875,415998.71875,415998.71875
2023-08-16,396778.3,396778.3125,396778.3125,396778.3125
2023-08-17,301100.6,301100.59375,301100.59375,301100.59375
2023-08-18,365327.44,365327.4375,365327.4375,365327.4375
2023-08-19,214359.27,214359.265625,214359.265625,214359.265625
2023-08-20,218798.72,218798.71875,218798.71875,218798.71875
2023-08-21,324910.47,324910.46875,324910.46875,324910.46875
2023-08-22,355871.72,355871.71875,355871.71875,355871.71875
2023-08-23,448563.4,448563.40625,448563.40625,448563.40625
2023-08-24,379547.22,379547.21875,379547.21875,379547.21875
2023-08-25,422474.16,422474.15625,422474.15625,422474.15625
2023-08-26,249144.72,249144.71875,249144.71875,249144.71875
2023-08-27,159013.42,159013.421875,159013.421875,159013.421875
2023-08-28,378922.4,378922.40625,378922.40625,378922.40625
2023-08-29,295330.78,295330.78125,295330.78125,295330.78125
2023-08-30,294051.16,294051.15625,294051.15625,294051.15625
2023-08-31,286559.53,286559.53125,286559.53125,286559.53125
2023-09-01,323103.3,323103.3125,323103.3125,323103.3125
2023-09-02,332011.22,332011.21875,332011.21875,332011.21875
2023-09-03,311513.5,311513.5,311513.5,311513.5
2023-09-04,313075.2,313075.1875,313075.1875,313075.1875
2023-09-05,348605.4,348605.40625,348605.40625,348605.40625
2023-09-06,278815.7,278815.6875,278815.6875,278815.6875
2023-09-07,341149.6,341149.59375,341149.59375,341149.59375
2023-09-08,312370.8,312370.8125,312370.8125,312370.8125
2023-09-09,210913.75,210913.75,210913.75,210913.75
2023-09-10,282141.56,282141.5625,282141.5625,282141.5625
2023-09-11,275929.4,275929.40625,275929.40625,275929.40625
2023-09-12,324713.47,324713.46875,324713.46875,324713.46875
2023-09-13,307770.53,307770.53125,307770.53125,307770.53125
2023-09-14,279692.4,279692.40625,279692.40625,279692.40625
2023-09-15,316316.5,316316.5,316316.5,316316.5
2023-09-16,211242.19,211242.1875,211242.1875,211242.1875
2023-09-17,237523.19,237523.1875,237523.1875,237523.1875
2023-09-18,299572.5,299572.5,299572.5,299572.5
2023-09-19,396408.3,396408.3125,396408.3125,396408.3125
2023-09-20,276813.44,276813.4375,276813.4375,276813.4375
2023-09-21,291259.84,291259.84375,291259.84375,291259.84375
2023-09-22,386025.12,386025.125,386025.125,386025.125
2023-09-23,364406.72,364406.71875,364406.71875,364406.71875
2023-09-24,302662.12,302662.125,302662.125,302662.125
2023-09-25,338143.0,338143.0,338143.0,338143.0
2023-09-26,333544.62,333544.625,333544.625,333544.625
2023-09-27,348534.9,348534.90625,348534.90625,348534.90625
2023-09-28,345940.88,345940.875,345940.875,345940.875
2023-09-29,359610.4,359610.40625,359610.40625,359610.40625
2023-09-30,293328.44,293328.4375,293328.4375,293328.4375
2023-10-01,273832.06,273832.0625,273832.0625,273832.0625
2023-10-02,391795.5,391795.5,391795.5,391795.5
2023-10-03,341152.72,341152.71875,341152.71875,341152.71875
2023-10-04,261864.4,261864.40625,261864.40625,261864.40625
2023-10-05,349646.4,349646.40625,349646.40625,349646.40625
2023-10-06,325072.34,325072.34375,325072.34375,325072.34375
2023-10-07,346850.66,346850.65625,346850.65625,346850.65625
2023-10-08,246640.05,246640.046875,246640.046875,246640.046875
2023-10-09,354309.94,354309.9375,354309.9375,354309.9375
2023-10-10,343892.44,343892.4375,343892.4375,343892.4375
2023-10-11,333361.62,333361.625,333361.625,333361.625
2023-10-12,358471.84,358471.84375,358471.84375,358471.84375
2023-10-13,420119.34,420119.34375,420119.34375,420119.34375
2023-10-14,255311.62,255311.625,255311.625,255311.625
2023-10-15,330698.72,330698.71875,330698.71875,330698.71875
2023-10-16,397123.06,397123.0625,397123.0625,397123.0625
2023-10-17,395970.75,395970.75,395970.75,395970.75
2023-10-18,335535.28,335535.28125,335535.28125,335535.28125
2023-10-19,454680.03,454680.03125,454680.03125,454680.03125
2023-10-20,334666.5,334666.5,334666.5,334666.5
2023-10-21,287575.94,287575.9375,287575.9375,287575.9375
2023-10-22,259594.17,259594.171875,259594.171875,259594.171875
2023-10-23,357850.5,357850.5,357850.5,357850.5
2023-10-24,437435.62,437435.625,437435.625,437435.625
2023-10-25,413234.94,413234.9375,413234.9375,413234.9375
2023-10-26,404423.9,404423.90625,404423.90625,404423.90625
2023-10-27,373028.38,373028.375,373028.375,373028.375
2023-10-28,346025.53,346025.53125,346025.53125,346025.53125
2023-10-29,491991.28,491991.28125,491991.28125,491991.28125
2023-10-30,359616.28,359616.28125,359616.28125,359616.28125
2023-10-31,340328.8,340328.8125,340328.8125,340328.8125
2023-11-01,288375.5,288375.5,288375.5,288375.5
2023-11-02,311970.6,311970.59375,311970.59375,311970.59375
2023-11-03,335679.75,335679.75,335679.75,335679.75
2023-11-04,271258.72,271258.71875,271258.71875,271258.71875
2023-11-05,389214.0,389214.0,389214.0,389214.0
2023-11-06,424950.78,424950.78125,424950.78125,424950.78125
2023-11-07,556588.56,556588.5625,556588.5625,556588.5625
2023-11-08,375453.5,375453.5,375453.5,375453.5
2023-11-09,357921.7,357921.6875,357921.6875,357921.6875
2023-11-10,332405.38,332405.375,332405.375,332405.375
2023-11-11,345735.25,345735.25,345735.25,345735.25
2023-11-12,390332.22,390332.21875,390332.21875,390332.21875
2023-11-13,431621.4,431621.40625,431621.40625,431621.40625
2023-11-14,563812.94,563812.9375,563812.9375,563812.9375
2023-11-15,541004.0,541004.0,541004.0,541004.0
2023-11-16,464668.47,464668.46875,464668.46875,464668.46875
2023-11-17,619538.6,619538.625,619538.625,619538.625
2023-11-18,350638.72,350638.71875,350638.71875,350638.71875
2023-11-19,254120.42,254120.421875,254120.421875,254120.421875
2023-11-20,537953.7,537953.6875,537953.6875,537953.6875
2023-11-21,430644.25,430644.25,430644.25,430644.25
2023-11-22,402184.72,402184.71875,402184.71875,402184.71875
2023-11-23,441342.0,441342.0,441342.0,441342.0
2023-11-24,368286.47,368286.46875,368286.46875,368286.46875
2023-11-25,303301.0,303301.0,303301.0,303301.0
2023-11-26,288651.0,288651.0,288651.0,288651.0
2023-11-27,344629.2,344629.1875,344629.1875,344629.1875
2023-11-28,327113.12,327113.125,327113.125,327113.125
2023-11-29,379006.22,379006.21875,379006.21875,379006.21875
2023-11-30,379538.97,379538.96875,379538.96875,379538.96875
2023-12-01,383646.4,383646.40625,383646.40625,383646.40625
2023-12-02,297658.6,297658.59375,297658.59375,297658.59375
2023-12-03,243144.14,243144.140625,243144.140625,243144.140625
2023-12-04,330061.78,330061.78125,330061.78125,330061.78125
2023-12-05,309059.25,309059.25,309059.25,309059.25
2023-12-06,370154.78,370154.78125,370154.78125,370154.78125
2023-12-07,296162.7,296162.6875,296162.6875,296162.6875
2023-12-08,359003.1,359003.09375,359003.09375,359003.09375
2023-12-09,349594.56,349594.5625,349594.5625,349594.5625
2023-12-10,292107.03,292107.03125,292107.03125,292107.03125
2023-12-11,348149.72,348149.71875,348149.71875,348149.71875
2023-12-12,332665.38,332665.375,332665.375,332665.375
2023-12-13,207002.95,207002.953125,207002.953125,207002.953125
2023-12-14,726751.0,726751.0,726751.0,726751.0
2023-12-15,538544.5,538544.5,538544.5,538544.5
2023-12-16,439162.03,439162.03125,439162.03125,439162.03125
2023-12-17,405482.66,405482.65625,405482.65625,405482.65625
2023-12-18,643963.3,643963.3125,643963.3125,643963.3125
2023-12-19,465383.47,465383.46875,465383.46875,465383.46875
2023-12-20,529286.6,529286.625,529286.625,529286.625
2023-12-21,425244.44,425244.4375,425244.4375,425244.4375
2023-12-22,452348.5,452348.5,452348.5,452348.5
2023-12-23,356121.2,356121.1875,356121.1875,356121.1875
2023-12-24,201641.0,201641.0,201641.0,201641.0
2023-12-25,331967.94,331967.9375,331967.9375,331967.9375
2023-12-26,547809.1,547809.125,547809.125,547809.125
2023-12-27,535096.6,535096.625,535096.625,535096.625
2023-12-28,442902.62,442902.625,442902.625,442902.625
2023-12-29,315860.53,315860.53125,315860.53125,315860.53125
2023-12-30,386004.97,386004.96875,386004.96875,386004.96875
2023-12-31,264195.5,264195.5,264195.5,264195.5
2024-01-01,437638.6,437638.59375,437638.59375,437638.59375
2024-01-02,576284.75,576284.75,576284.75,576284.75
2024-01-03,420139.0,420139.0,420139.0,420139.0
2024-01-04,412004.16,412004.15625,412004.15625,412004.15625
2024-01-05,338769.94,338769.9375,338769.9375,338769.9375
2024-01-06,383539.34,383539.34375,383539.34375,383539.34375
2024-01-07,424697.47,424697.46875,424697.46875,424697.46875
2024-01-08,324573.16,324573.15625,324573.15625,324573.15625
2024-01-09,258443.84,258443.84375,258443.84375,258443.84375
2024-01-10,266961.66,266961.65625,266961.65625,266961.65625
2024-01-11,262073.83,262073.828125,262073.828125,262073.828125
2024-01-12,341532.97,341532.96875,341532.96875,341532.96875
2024-01-13,257950.81,257950.8125,257950.8125,257950.8125
2024-01-14,250460.1,250460.09375,250460.09375,250460.09375
2024-01-15,345181.97,345181.96875,345181.96875,345181.96875
2024-01-16,309401.4,309401.40625,309401.40625,309401.40625
2024-01-17,245330.2,245330.203125,245330.203125,245330.203125
2024-01-18,336185.03,336185.03125,336185.03125,336185.03125
2024-01-19,300676.38,300676.375,300676.375,300676.375
2024-01-20,237056.94,237056.9375,237056.9375,237056.9375
2024-01-21,245824.61,245824.609375,245824.609375,245824.609375
2024-01-22,302510.5,302510.5,302510.5,302510.5
2024-01-23,296458.4,296458.40625,296458.40625,296458.40625
2024-01-24,279198.3,279198.3125,279198.3125,279198.3125
2024-01-25,278493.6,278493.59375,278493.59375,278493.59375
2024-01-26,307906.47,307906.46875,307906.46875,307906.46875
2024-01-27,270059.06,270059.0625,270059.0625,270059.0625
2024-01-28,200217.69,200217.6875,200217.6875,200217.6875
2024-01-29,218692.11,218692.109375,218692.109375,218692.109375
2024-01-30,287012.44,287012.4375,287012.4375,287012.4375
2024-01-31,261542.66,261542.65625,261542.65625,261542.65625
2024-02-01,373328.66,373328.65625,373328.65625,373328.65625
2024-02-02,382162.1,382162.09375,382162.09375,382162.09375
2024-02-03,271726.66,271726.65625,271726.65625,271726.65625
2024-02-04,291019.12,291019.125,291019.125,291019.125
2024-02-05,322979.94,322979.9375,322979.9375,322979.9375
2024-02-06,240270.2,240270.203125,240270.203125,240270.203125
2024-02-07,276756.1,276756.09375,276756.09375,276756.09375
2024-02-08,347925.47,347925.46875,347925.46875,347925.46875
2024-02-09,256550.23,256550.234375,256550.234375,256550.234375
2024-02-10,216184.44,216184.4375,216184.4375,216184.4375
2024-02-11,243989.67,243989.671875,243989.671875,243989.671875
2024-02-12,359067.9,359067.90625,359067.90625,359067.90625
2024-02-13,238322.81,238322.8125,238322.8125,238322.8125
2024-02-14,323095.56,323095.5625,323095.5625,323095.5625
2024-02-15,363917.53,363917.53125,363917.53125,363917.53125
2024-02-16,335718.12,335718.125,335718.125,335718.125
2024-02-17,197385.31,197385.3125,197385.3125,197385.3125
2024-02-18,255936.67,255936.671875,255936.671875,255936.671875
2024-02-19,281784.1,281784.09375,281784.09375,281784.09375
2024-02-20,290615.1,290615.09375,290615.09375,290615.09375
2024-02-21,347203.78,347203.78125,347203.78125,347203.78125
2024-02-22,395925.7,395925.6875,395925.6875,395925.6875
2024-02-23,376241.4,376241.40625,376241.40625,376241.40625
2024-02-24,229453.16,229453.15625,229453.15625,229453.15625
2024-02-25,311301.66,311301.65625,311301.65625,311301.65625
2024-02-26,377108.97,377108.96875,377108.96875,377108.96875
2024-02-27,248051.64,248051.640625,248051.640625,248051.640625
2024-02-28,273112.44,273112.4375,273112.4375,273112.4375
2024-02-29,372560.06,372560.0625,372560.0625,372560.0625
2024-03-01,423150.56,423150.5625,423150.5625,423150.5625
2024-03-02,231550.0,231550.0,231550.0,231550.0
2024-03-03,238032.1,238032.09375,238032.09375,238032.09375
2024-03-04,370979.75,370979.75,370979.75,370979.75
2024-03-05,353403.6,353403.59375,353403.59375,353403.59375
2024-03-06,285757.2,285757.1875,285757.1875,285757.1875
2024-03-07,324699.4,324699.40625,324699.40625,324699.40625
2024-03-08,301183.03,301183.03125,301183.03125,301183.03125
2024-03-09,253083.73,253083.734375,253083.734375,253083.734375
2024-03-10,294556.5,294556.5,294556.5,294556.5
2024-03-11,390041.66,390041.65625,390041.65625,390041.65625
2024-03-12,354645.34,354645.34375,354645.34375,354645.34375
2024-03-13,439946.03,439946.03125,439946.03125,439946.03125
2024-03-14,495692.94,495692.9375,495692.9375,495692.9375
2024-03-15,495496.7,495496.6875,495496.6875,495496.6875
2024-03-16,285575.8,285575.8125,285575.8125,285575.8125
2024-03-17,412549.8,412549.8125,412549.8125,412549.8125
2024-03-18,484140.1,484140.09375,484140.09375,484140.09375
2024-03-19,475693.3,475693.3125,475693.3125,475693.3125
2024-03-20,428049.3,428049.3125,428049.3125,428049.3125
2024-03-21,492537.97,492537.96875,492537.96875,492537.96875
2024-03-22,460361.5,460361.5,460361.5,460361.5
2024-03-23,287639.8,287639.8125,287639.8125,287639.8125
2024-03-24,359751.0,359751.0,359751.0,359751.0
2024-03-25,432681.25,432681.25,432681.25,432681.25
2024-03-26,534482.6,534482.625,534482.625,534482.625
2024-03-27,510232.47,510232.46875,510232.46875,510232.46875
2024-03-28,344275.53,344275.53125,344275.53125,344275.53125
2024-03-29,381924.25,381924.25,381924.25,381924.25
2024-03-30,535166.1,535166.125,535166.125,535166.125
2024-03-31,330503.56,330503.5625,330503.5625,330503.5625
2024-04-01,432983.3,432983.3125,432983.3125,432983.3125
2024-04-02,390018.03,390018.03125,390018.03125,390018.03125
2024-04-03,354947.47,354947.46875,354947.46875,354947.46875
2024-04-04,338729.62,338729.625,338729.625,338729.625
2024-04-05,309199.0,309199.0,309199.0,309199.0
2024-04-06,290546.3,290546.3125,290546.3125,290546.3125
2024-04-07,334887.8,334887.8125,334887.8125,334887.8125
2024-04-08,255110.33,255110.328125,255110.328125,255110.328125
2024-04-09,262988.0,262988.0,262988.0,262988.0
2024-04-10,251075.2,251075.203125,251075.203125,251075.203125
2024-04-11,253690.97,253690.96875,253690.96875,253690.96875
2024-04-12,289483.5,289483.5,289483.5,289483.5
2024-04-13,185628.38,185628.375,185628.375,185628.375
2024-04-14,269642.16,269642.15625,269642.15625,269642.15625
2024-04-15,340410.94,340410.9375,340410.9375,340410.9375
2024-04-16,230348.48,230348.484375,230348.484375,230348.484375
2024-04-17,269582.12,269582.125,269582.125,269582.125
2024-04-18,246098.44,246098.4375,246098.4375,246098.4375
2024-04-19,312065.22,312065.21875,312065.21875,312065.21875
2024-04-20,221618.8,221618.796875,221618.796875,221618.796875
2024-04-21,245956.62,245956.625,245956.625,245956.625
2024-04-22,300274.4,300274.40625,300274.40625,300274.40625
2024-04-23,286310.9,286310.90625,286310.90625,286310.90625
2024-04-24,323434.25,323434.25,323434.25,323434.25
2024-04-25,329068.34,329068.34375,329068.34375,329068.34375
2024-04-26,247498.11,247498.109375,247498.109375,247498.109375
2024-04-27,241607.67,241607.671875,241607.671875,241607.671875
2024-04-28,240322.44,240322.4375,240322.4375,240322.4375
2024-04-29,258160.67,258160.671875,258160.671875,258160.671875
2024-04-30,260390.97,260390.96875,260390.96875,260390.96875
2024-05-01,222359.9,222359.90625,222359.90625,222359.90625
2024-05-02,232261.52,232261.515625,232261.515625,232261.515625
2024-05-03,278864.3,278864.3125,278864.3125,278864.3125
2024-05-04,177600.77,177600.765625,177600.765625,177600.765625
2024-05-05,180300.5,180300.5,180300.5,180300.5
2024-05-06,229447.28,229447.28125,229447.28125,229447.28125
2024-05-07,259303.88,259303.875,259303.875,259303.875
2024-05-08,246024.08,246024.078125,246024.078125,246024.078125
2024-05-09,277983.94,277983.9375,277983.9375,277983.9375
2024-05-10,224096.58,224096.578125,224096.578125,224096.578125
2024-05-11,271178.97,271178.96875,271178.96875,271178.96875
2024-05-12,246836.48,246836.484375,246836.484375,246836.484375
2024-05-13,294815.3,294815.3125,294815.3125,294815.3125
2024-05-14,323115.4,323115.40625,323115.40625,323115.40625
2024-05-15,325957.34,325957.34375,325957.34375,325957.34375
2024-05-16,356988.5,356988.5,356988.5,356988.5
2024-05-17,342799.78,342799.78125,342799.78125,342799.78125
2024-05-18,243195.16,243195.15625,243195.15625,243195.15625
2024-05-19,316244.75,316244.75,316244.75,316244.75
2024-05-20,271586.16,271586.15625,271586.15625,271586.15625
2024-05-21,291960.72,291960.71875,291960.71875,291960.71875
2024-05-22,321003.8,321003.8125,321003.8125,321003.8125
2024-05-23,346199.53,346199.53125,346199.53125,346199.53125
2024-05-24,425474.78,425474.78125,425474.78125,425474.78125
2024-05-25,254693.9,254693.90625,254693.90625,254693.90625
2024-05-26,291090.03,291090.03125,291090.03125,291090.03125
2024-05-27,340444.8,340444.8125,340444.8125,340444.8125
2024-05-28,263145.78,263145.78125,263145.78125,263145.78125
2024-05-29,226997.02,226997.015625,226997.015625,226997.015625
2024-05-30,204686.11,204686.109375,204686.109375,204686.109375
2024-05-31,258198.33,258198.328125,258198.328125,258198.328125
2024-06-01,182880.62,182880.625,182880.625,182880.625
2024-06-02,149858.38,149858.375,149858.375,149858.375
2024-06-03,247799.72,247799.71875,247799.71875,247799.71875
2024-06-04,187977.22,187977.21875,187977.21875,187977.21875
2024-06-05,244246.08,244246.078125,244246.078125,244246.078125
2024-06-06,330685.66,330685.65625,330685.65625,330685.65625
2024-06-07,320484.16,320484.15625,320484.15625,320484.15625
2024-06-08,220580.14,220580.140625,220580.140625,220580.140625
2024-06-09,215261.52,215261.515625,215261.515625,215261.515625
2024-06-10,263760.22,263760.21875,263760.21875,263760.21875
2024-06-11,287559.94,287559.9375,287559.9375,287559.9375
2024-06-12,238695.75,238695.75,238695.75,238695.75
2024-06-13,282157.66,282157.65625,282157.65625,282157.65625
2024-06-14,311451.62,311451.625,311451.625,311451.625
2024-06-15,200331.58,200331.578125,200331.578125,200331.578125
2024-06-16,239652.5,239652.5,239652.5,239652.5
2024-06-17,241816.92,241816.921875,241816.921875,241816.921875
2024-06-18,319390.88,319390.875,319390.875,319390.875
2024-06-19,262752.44,262752.4375,262752.4375,262752.4375
2024-06-20,228236.05,228236.046875,228236.046875,228236.046875
2024-06-21,257703.0,257703.0,257703.0,257703.0
2024-06-22,160549.33,160549.328125,160549.328125,160549.328125
2024-06-23,201107.25,201107.25,201107.25,201107.25
2024-06-24,233225.97,233225.96875,233225.96875,233225.96875
2024-06-25,218758.36,218758.359375,218758.359375,218758.359375
2024-06-26,230233.75,230233.75,230233.75,230233.75
2024-06-27,283695.2,283695.1875,283695.1875,283695.1875
2024-06-28,321689.8,321689.8125,321689.8125,321689.8125
2024-06-29,203028.33,203028.328125,203028.328125,203028.328125
2024-06-30,297839.22,297839.21875,297839.21875,297839.21875
2024-07-01,296533.06,296533.0625,296533.0625,296533.0625
2024-07-02,366552.97,366552.96875,366552.96875,366552.96875
2024-07-03,267849.22,267849.21875,267849.21875,267849.21875
2024-07-04,292567.4,292567.40625,292567.40625,292567.40625
2024-07-05,230559.33,230559.328125,230559.328125,230559.328125
2024-07-06,227899.84,227899.84375,227899.84375,227899.84375
2024-07-07,223821.16,223821.15625,223821.15625,223821.15625
2024-07-08,300683.38,300683.375,300683.375,300683.375
2024-07-09,313305.16,313305.15625,313305.15625,313305.15625
2024-07-10,289096.66,289096.65625,289096.65625,289096.65625
2024-07-11,292887.3,292887.3125,292887.3125,292887.3125
2024-07-12,364115.25,364115.25,364115.25,364115.25
2024-07-13,305248.7,305248.6875,305248.6875,305248.6875
2024-07-14,252631.39,252631.390625,252631.390625,252631.390625
2024-07-15,431742.56,431742.5625,431742.5625,431742.5625
2024-07-16,341334.75,341334.75,341334.75,341334.75
2024-07-17,367818.16,367818.15625,367818.15625,367818.15625
2024-07-18,365166.34,365166.34375,365166.34375,365166.34375
2024-07-19,388803.94,388803.9375,388803.9375,388803.9375
2024-07-20,321248.56,321248.5625,321248.5625,321248.5625
2024-07-21,353143.66,353143.65625,353143.65625,353143.65625
2024-07-22,317926.03,317926.03125,317926.03125,317926.03125
2024-07-23,318421.75,318421.75,318421.75,318421.75
2024-07-24,292291.66,292291.65625,292291.65625,292291.65625
2024-07-25,317946.47,317946.46875,317946.46875,317946.46875
2024-07-26,312563.9,312563.90625,312563.90625,312563.90625
2024-07-27,226118.12,226118.125,226118.125,226118.125
2024-07-28,263062.1,263062.09375,263062.09375,263062.09375
2024-07-29,345132.78,345132.78125,345132.78125,345132.78125
2024-07-30,285876.66,285876.65625,285876.65625,285876.65625
2024-07-31,332049.25,332049.25,332049.25,332049.25
2024-08-01,306129.97,306129.96875,306129.96875,306129.96875
2024-08-02,295173.75,295173.75,295173.75,295173.75
2024-08-03,232087.03,232087.03125,232087.03125,232087.03125
2024-08-04,266392.56,266392.5625,266392.5625,266392.5625
2024-08-05,330035.78,330035.78125,330035.78125,330035.78125
2024-08-06,244827.08,244827.078125,244827.078125,244827.078125
2024-08-07,287698.88,287698.875,287698.875,287698.875
2024-08-08,287139.75,287139.75,287139.75,287139.75
2024-08-09,365858.88,365858.875,365858.875,365858.875
2024-08-10,219147.22,219147.21875,219147.21875,219147.21875
2024-08-11,266740.22,266740.21875,266740.21875,266740.21875
2024-08-12,330027.94,330027.9375,330027.9375,330027.9375
2024-08-13,238836.23,238836.234375,238836.234375,238836.234375
2024-08-14,283166.72,283166.71875,283166.71875,283166.71875
2024-08-15,321391.1,321391.09375,321391.09375,321391.09375
2024-08-16,441379.44,441379.4375,441379.4375,441379.4375
2024-08-17,252799.2,252799.203125,252799.203125,252799.203125
2024-08-18,251569.5,251569.5,251569.5,251569.5
2024-08-19,317125.5,317125.5,317125.5,317125.5
2024-08-20,353042.56,353042.5625,353042.5625,353042.5625
2024-08-21,271306.56,271306.5625,271306.5625,271306.5625
2024-08-22,316098.03,316098.03125,316098.03125,316098.03125
2024-08-23,455670.1,455670.09375,455670.09375,455670.09375
2024-08-24,246814.89,246814.890625,246814.890625,246814.890625
2024-08-25,252387.22,252387.21875,252387.21875,252387.21875
2024-08-26,351364.94,351364.9375,351364.9375,351364.9375
2024-08-27,249202.22,249202.21875,249202.21875,249202.21875
2024-08-28,343277.44,343277.4375,343277.4375,343277.4375
2024-08-29,388831.06,388831.0625,388831.0625,388831.0625
2024-08-30,318901.22,318901.21875,318901.21875,318901.21875
2024-08-31,328975.53,328975.53125,328975.53125,328975.53125
2024-09-01,239044.33,239044.328125,239044.328125,239044.328125
2024-09-02,413189.03,413189.03125,413189.03125,413189.03125
2024-09-03,404361.3,404361.3125,404361.3125,404361.3125
2024-09-04,328434.62,328434.625,328434.625,328434.625
2024-09-05,294589.1,294589.09375,294589.09375,294589.09375
2024-09-06,303456.72,303456.71875,303456.71875,303456.71875
2024-09-07,200215.75,200215.75,200215.75,200215.75
2024-09-08,234375.52,234375.515625,234375.515625,234375.515625
2024-09-09,288265.56,288265.5625,288265.5625,288265.5625
2024-09-10,269997.94,269997.9375,269997.9375,269997.9375
2024-09-11,341831.06,341831.0625,341831.0625,341831.0625
2024-09-12,344412.03,344412.03125,344412.03125,344412.03125
2024-09-13,497129.56,497129.5625,497129.5625,497129.5625
2024-09-14,288575.72,288575.71875,288575.71875,288575.71875
2024-09-15,243113.55,243113.546875,243113.546875,243113.546875
2024-09-16,409998.2,409998.1875,409998.1875,409998.1875
2024-09-17,349130.78,349130.78125,349130.78125,349130.78125
2024-09-18,366981.72,366981.71875,366981.71875,366981.71875
2024-09-19,381436.66,381436.65625,381436.65625,381436.65625
2024-09-20,398042.25,398042.25,398042.25,398042.25
2024-09-21,265026.8,265026.8125,265026.8125,265026.8125
2024-09-22,369538.34,369538.34375,369538.34375,369538.34375
2024-09-23,382490.72,382490.71875,382490.71875,382490.71875
2024-09-24,329158.88,329158.875,329158.875,329158.875
2024-09-25,343137.28,343137.28125,343137.28125,343137.28125
2024-09-26,322161.78,322161.78125,322161.78125,322161.78125
2024-09-27,479566.78,479566.78125,479566.78125,479566.78125
2024-09-28,263635.4,263635.40625,263635.40625,263635.40625
2024-09-29,296257.47,296257.46875,296257.46875,296257.46875
2024-09-30,292581.38,292581.375,292581.375,292581.375
2024-10-01,313630.84,313630.84375,313630.84375,313630.84375
2024-10-02,276477.88,276477.875,276477.875,276477.875
2024-10-03,466503.34,466503.34375,466503.34375,466503.34375
2024-10-04,331559.62,331559.625,331559.625,331559.625
2024-10-05,243294.8,243294.796875,243294.796875,243294.796875
2024-10-06,324732.12,324732.125,324732.125,324732.125
2024-10-07,334934.7,334934.6875,334934.6875,334934.6875
2024-10-08,261547.08,261547.078125,261547.078125,261547.078125
2024-10-09,282238.0,282238.0,282238.0,282238.0
2024-10-10,303386.66,303386.65625,303386.65625,303386.65625
2024-10-11,341571.78,341571.78125,341571.78125,341571.78125
2024-10-12,209605.05,209605.046875,209605.046875,209605.046875
2024-10-13,316938.7,316938.6875,316938.6875,316938.6875
2024-10-14,326483.0,326483.0,326483.0,326483.0
2024-10-15,352264.44,352264.4375,352264.4375,352264.4375
2024-10-16,308509.97,308509.96875,308509.96875,308509.96875
2024-10-17,322429.8,322429.8125,322429.8125,322429.8125
2024-10-18,315051.6,315051.59375,315051.59375,315051.59375
2024-10-19,319827.84,319827.84375,319827.84375,319827.84375
2024-10-20,368227.34,368227.34375,368227.34375,368227.34375
2024-10-21,378365.88,378365.875,378365.875,378365.875
2024-10-22,413519.03,413519.03125,413519.03125,413519.03125
2024-10-23,249380.6,249380.59375,249380.59375,249380.59375
2024-10-24,422430.9,422430.90625,422430.90625,422430.90625
2024-10-25,325825.2,325825.1875,325825.1875,325825.1875
2024-10-26,206499.6,206499.59375,206499.59375,206499.59375
2024-10-27,488917.84,488917.84375,488917.84375,488917.84375
2024-10-28,378670.44,378670.4375,378670.4375,378670.4375
2024-10-29,357098.6,357098.59375,357098.59375,357098.59375
2024-10-30,296915.22,296915.21875,296915.21875,296915.21875
2024-10-31,397042.5,397042.5,397042.5,397042.5
2024-11-01,367975.47,367975.46875,367975.46875,367975.46875
2024-11-02,259144.53,259144.53125,259144.53125,259144.53125
2024-11-03,405397.8,405397.8125,405397.8125,405397.8125
2024-11-04,409347.72,409347.71875,409347.71875,409347.71875
2024-11-05,449352.9,449352.90625,449352.90625,449352.90625
2024-11-06,466081.06,466081.0625,466081.0625,466081.0625
2024-11-07,353421.7,353421.6875,353421.6875,353421.6875
2024-11-08,440915.88,440915.875,440915.875,440915.875
2024-11-09,305576.97,305576.96875,305576.96875,305576.96875
2024-11-10,265152.47,265152.46875,265152.46875,265152.46875
2024-11-11,383016.16,383016.15625,383016.15625,383016.15625
2024-11-12,375659.8,375659.8125,375659.8125,375659.8125
2024-11-13,392044.72,392044.71875,392044.71875,392044.71875
2024-11-14,510617.1,510617.09375,510617.09375,510617.09375
2024-11-15,523193.0,523193.0,523193.0,523193.0
2024-11-16,406211.38,406211.375,406211.375,406211.375
2024-11-17,387844.2,387844.1875,387844.1875,387844.1875
2024-11-18,403483.78,403483.78125,403483.78125,403483.78125
2024-11-19,428145.9,428145.90625,428145.90625,428145.90625
2024-11-20,328549.0,328549.0,328549.0,328549.0
2024-11-21,422921.1,422921.09375,422921.09375,422921.09375
2024-11-22,396518.5,396518.5,396518.5,396518.5
2024-11-23,275007.8,275007.8125,275007.8125,275007.8125
2024-11-24,319976.94,319976.9375,319976.9375,319976.9375
2024-11-25,351818.03,351818.03125,351818.03125,351818.03125
2024-11-26,365521.16,365521.15625,365521.15625,365521.15625
2024-11-27,397249.53,397249.53125,397249.53125,397249.53125
2024-11-28,343109.12,343109.125,343109.125,343109.125
2024-11-29,453792.16,453792.15625,453792.15625,453792.15625
2024-11-30,341494.16,341494.15625,341494.15625,341494.15625
2024-12-01,335143.34,335143.34375,335143.34375,335143.34375
2024-12-02,394011.7,394011.6875,394011.6875,394011.6875
2024-12-03,458360.78,458360.78125,458360.78125,458360.78125
2024-12-04,335651.53,335651.53125,335651.53125,335651.53125
2024-12-05,426783.16,426783.15625,426783.15625,426783.15625
2024-12-06,438626.3,438626.3125,438626.3125,438626.3125
2024-12-07,271133.28,271133.28125,271133.28125,271133.28125
2024-12-08,317399.75,317399.75,317399.75,317399.75
2024-12-09,430933.2,430933.1875,430933.1875,430933.1875
2024-12-10,387018.4,387018.40625,387018.40625,387018.40625
2024-12-11,361623.16,361623.15625,361623.15625,361623.15625
2024-12-12,315987.38,315987.375,315987.375,315987.375
2024-12-13,409598.7,409598.6875,409598.6875,409598.6875
2024-12-14,406228.78,406228.78125,406228.78125,406228.78125
2024-12-15,419677.16,419677.15625,419677.15625,419677.15625
2024-12-16,515418.4,515418.40625,515418.40625,515418.40625
2024-12-17,393188.38,393188.375,393188.375,393188.375
2024-12-18,494753.94,494753.9375,494753.9375,494753.9375
2024-12-19,471176.75,471176.75,471176.75,471176.75
2024-12-20,529655.8,529655.8125,529655.8125,529655.8125
2024-12-21,422569.75,422569.75,422569.75,422569.75
2024-12-22,383743.97,383743.96875,383743.96875,383743.96875
2024-12-23,461460.22,461460.21875,461460.21875,461460.21875
2024-12-24,255157.53,255157.53125,255157.53125,255157.53125
2024-12-25,322302.53,322302.53125,322302.53125,322302.53125
2024-12-26,424334.75,424334.75,424334.75,424334.75
2024-12-27,459221.88,459221.875,459221.875,459221.875
2024-12-28,284605.94,284605.9375,284605.9375,284605.9375
2024-12-29,399791.06,399791.0625,399791.0625,399791.0625
2024-12-30,274508.53,274508.53125,274508.53125,274508.53125
2024-12-31,210254.45,210254.453125,210254.453125,210254.453125
2025-01-01,333888.38,333888.375,333888.375,333888.375
2025-01-02,458641.75,458641.75,458641.75,458641.75
2025-01-03,440699.22,440699.21875,440699.21875,440699.21875
2025-01-04,455488.94,455488.9375,455488.9375,455488.9375
2025-01-05,416754.7,416754.6875,416754.6875,416754.6875
2025-01-06,412270.44,412270.4375,412270.4375,412270.4375
2025-01-07,328449.0,328449.0,328449.0,328449.0
2025-01-08,303644.12,303644.125,303644.125,303644.125
2025-01-09,235566.97,235566.96875,235566.96875,235566.96875
2025-01-10,333853.38,333853.375,333853.375,333853.375
2025-01-11,270048.53,270048.53125,270048.53125,270048.53125
2025-01-12,220373.81,220373.8125,220373.8125,220373.8125
2025-01-13,275995.0,275995.0,275995.0,275995.0
2025-01-14,281017.03,281017.03125,281017.03125,281017.03125
2025-01-15,313224.16,313224.15625,313224.15625,313224.15625
2025-01-16,215476.5,215476.5,215476.5,215476.5
2025-01-17,314690.34,314690.34375,314690.34375,314690.34375
2025-01-18,173496.97,173496.96875,173496.96875,173496.96875
2025-01-19,205812.6,205812.59375,205812.59375,205812.59375
2025-01-20,312085.25,312085.25,312085.25,312085.25
2025-01-21,253648.1,253648.09375,253648.09375,253648.09375
2025-01-22,235713.42,235713.421875,235713.421875,235713.421875
2025-01-23,250933.3,250933.296875,250933.296875,250933.296875
2025-01-24,286005.94,286005.9375,286005.9375,286005.9375
2025-01-25,159651.33,159651.328125,159651.328125,159651.328125
2025-01-26,230921.33,230921.328125,230921.328125,230921.328125
2025-01-27,251446.77,251446.765625,251446.765625,251446.765625
2025-01-28,274766.5,274766.5,274766.5,274766.5
2025-01-29,353023.66,353023.65625,353023.65625,353023.65625
2025-01-30,382298.4,382298.40625,382298.40625,382298.40625
2025-01-31,305720.66,305720.65625,305720.65625,305720.65625
2025-02-01,187986.12,187986.125,187986.125,187986.125
2025-02-02,139849.23,139849.234375,139849.234375,139849.234375
2025-02-03,279954.3,279954.3125,279954.3125,279954.3125
2025-02-04,272943.0,272943.0,272943.0,272943.0
2025-02-05,257512.67,257512.671875,257512.671875,257512.671875
2025-02-06,245839.6,245839.59375,245839.59375,245839.59375
2025-02-07,303324.0,303324.0,303324.0,303324.0
2025-02-08,189858.2,189858.203125,189858.203125,189858.203125
2025-02-09,223497.98,223497.984375,223497.984375,223497.984375
2025-02-10,9413.82,9413.8203125,9413.8203125,9413.8203125
2025-02-11,229502.36,229502.359375,229502.359375,229502.359375
2025-02-12,205166.02,205166.015625,205166.015625,205166.015625
2025-02-13,270961.84,270961.84375,270961.84375,270961.84375
2025-02-14,245631.27,245631.265625,245631.265625,245631.265625
2025-02-15,184679.69,184679.6875,184679.6875,184679.6875
2025-02-16,355450.7,355450.6875,355450.6875,355450.6875
2025-02-17,329629.4,329629.40625,329629.40625,329629.40625
2025-02-18,362424.62,362424.625,362424.625,362424.625
2025-02-19,292642.78,292642.78125,292642.78125,292642.78125
2025-02-20,351506.22,351506.21875,351506.21875,351506.21875
2025-02-21,321746.72,321746.71875,321746.71875,321746.71875
2025-02-22,199134.4,199134.40625,199134.40625,199134.40625
2025-02-23,254656.8,254656.796875,254656.796875,254656.796875
2025-02-24,287023.28,287023.28125,287023.28125,287023.28125
2025-02-25,285979.75,285979.75,285979.75,285979.75
2025-02-26,353500.88,353500.875,353500.875,353500.875
2025-02-27,345026.78,345026.78125,345026.78125,345026.78125
2025-02-28,368487.44,368487.4375,368487.4375,368487.4375
2025-03-01,256759.56,256759.5625,256759.5625,256759.5625
2025-03-02,239928.97,239928.96875,239928.96875,239928.96875
2025-03-03,293110.0,293110.0,293110.0,293110.0
2025-03-04,221686.78,221686.78125,221686.78125,221686.78125
2025-03-05,210874.6,210874.59375,210874.59375,210874.59375
2025-03-06,301738.88,301738.875,301738.875,301738.875
2025-03-07,305818.22,305818.21875,305818.21875,305818.21875
2025-03-08,217091.78,217091.78125,217091.78125,217091.78125
2025-03-09,308722.25,308722.25,308722.25,308722.25
2025-03-10,286538.78,286538.78125,286538.78125,286538.78125
2025-03-11,396791.25,396791.25,396791.25,396791.25
2025-03-12,435700.75,435700.75,435700.75,435700.75
2025-03-13,410138.9,410138.90625,410138.90625,410138.90625
2025-03-14,448861.94,448861.9375,448861.9375,448861.9375
2025-03-15,249417.77,249417.765625,249417.765625,249417.765625
2025-03-16,228069.47,228069.46875,228069.46875,228069.46875
2025-03-17,378945.84,378945.84375,378945.84375,378945.84375
2025-03-18,290945.75,290945.75,290945.75,290945.75
2025-03-19,299414.75,299414.75,299414.75,299414.75
2025-03-20,434549.16,434549.15625,434549.15625,434549.15625
2025-03-21,336880.94,336880.9375,336880.9375,336880.9375
2025-03-22,341020.66,341020.65625,341020.65625,341020.65625
2025-03-23,367607.28,367607.28125,367607.28125,367607.28125
2025-03-24,448157.5,448157.5,448157.5,448157.5
2025-03-25,388528.97,388528.96875,388528.96875,388528.96875
2025-03-26,311820.28,311820.28125,311820.28125,311820.28125
2025-03-27,354736.2,354736.1875,354736.1875,354736.1875
2025-03-28,448384.6,448384.59375,448384.59375,448384.59375
2025-03-29,411365.75,411365.75,411365.75,411365.75
2025-03-30,433941.5,433941.5,433941.5,433941.5
2025-03-31,388877.34,388877.34375,388877.34375,388877.34375
2025-04-01,428351.62,428351.625,428351.625,428351.625
2025-04-02,375465.78,375465.78125,375465.78125,375465.78125
2025-04-03,481604.88,481604.875,481604.875,481604.875
2025-04-04,489564.12,489564.125,489564.125,489564.125
2025-04-05,338521.72,338521.71875,338521.71875,338521.71875
2025-04-06,436994.8,436994.8125,436994.8125,436994.8125
2025-04-07,350693.38,350693.375,350693.375,350693.375
2025-04-08,374527.1,374527.09375,374527.09375,374527.09375
2025-04-09,391775.72,391775.71875,391775.71875,391775.71875
2025-04-10,383200.38,383200.375,383200.375,383200.375
2025-04-11,460576.9,460576.90625,460576.90625,460576.90625
2025-04-12,420393.88,420393.875,420393.875,420393.875
2025-04-13,434340.62,434340.625,434340.625,434340.625
2025-04-14,558922.5,558922.5,558922.5,558922.5
2025-04-15,382775.47,382775.46875,382775.46875,382775.46875
2025-04-16,455858.16,455858.15625,455858.15625,455858.15625
2025-04-17,382573.28,382573.28125,382573.28125,382573.28125
2025-04-18,244483.78,244483.78125,244483.78125,244483.78125
2025-04-19,458604.88,458604.875,458604.875,458604.875
2025-04-20,430180.53,430180.53125,430180.53125,430180.53125
2025-04-21,412129.97,412129.96875,412129.96875,412129.96875
2025-04-22,306796.8,306796.8125,306796.8125,306796.8125
2025-04-23,405500.28,405500.28125,405500.28125,405500.28125
2025-04-24,554782.56,554782.5625,554782.5625,554782.5625
2025-04-25,361254.5,361254.5,361254.5,361254.5
2025-04-26,423303.6,423303.59375,423303.59375,423303.59375
2025-04-27,369039.66,369039.65625,369039.65625,369039.65625
2025-04-28,476914.34,476914.34375,476914.34375,476914.34375
2025-04-29,268129.44,268129.4375,268129.4375,268129.4375
2025-04-30,312753.2,312753.1875,312753.1875,312753.1875
2025-05-01,232055.75,232055.75,232055.75,232055.75
2025-05-02,220895.48,220895.484375,220895.484375,220895.484375
2025-05-03,160597.55,160597.546875,160597.546875,160597.546875
2025-05-04,264467.84,264467.84375,264467.84375,264467.84375
2025-05-05,345384.34,345384.34375,345384.34375,345384.34375
2025-05-06,261517.62,261517.625,261517.625,261517.625
2025-05-07,238305.5,238305.5,238305.5,238305.5
2025-05-08,269277.34,269277.34375,269277.34375,269277.34375
2025-05-09,346864.47,346864.46875,346864.46875,346864.46875
2025-05-10,193376.97,193376.96875,193376.96875,193376.96875
2025-05-11,246750.84,246750.84375,246750.84375,246750.84375
2025-05-12,244742.03,244742.03125,244742.03125,244742.03125
2025-05-13,432700.7,432700.6875,432700.6875,432700.6875
2025-05-14,310736.25,310736.25,310736.25,310736.25
2025-05-15,309219.28,309219.28125,309219.28125,309219.28125
2025-05-16,408392.34,408392.34375,408392.34375,408392.34375
2025-05-17,361508.34,361508.34375,361508.34375,361508.34375
2025-05-18,295541.2,295541.1875,295541.1875,295541.1875
2025-05-19,267085.5,267085.5,267085.5,267085.5
2025-05-20,274241.16,274241.15625,274241.15625,274241.15625
2025-05-21,392886.97,392886.96875,392886.96875,392886.96875
2025-05-22,340859.8,340859.8125,340859.8125,340859.8125
2025-05-23,426016.0,426016.0,426016.0,426016.0
2025-05-24,245962.94,245962.9375,245962.9375,245962.9375
2025-05-25,243048.77,243048.765625,243048.765625,243048.765625
2025-05-26,269992.03,269992.03125,269992.03125,269992.03125
2025-05-27,331941.4,331941.40625,331941.40625,331941.40625
2025-05-28,401269.16,401269.15625,401269.15625,401269.15625
2025-05-29,370354.06,370354.0625,370354.0625,370354.0625
2025-05-30,323453.22,323453.21875,323453.21875,323453.21875
2025-05-31,211127.17,211127.171875,211127.171875,211127.171875
2025-06-01,245707.39,245707.390625,245707.390625,245707.390625
2025-06-02,356643.44,356643.4375,356643.4375,356643.4375
2025-06-03,200615.33,200615.328125,200615.328125,200615.328125
2025-06-04,322016.06,322016.0625,322016.0625,322016.0625
2025-06-05,283877.66,283877.65625,283877.65625,283877.65625
2025-06-06,281100.38,281100.375,281100.375,281100.375
2025-06-07,237162.48,237162.484375,237162.484375,237162.484375
2025-06-08,210720.8,210720.796875,210720.796875,210720.796875
2025-06-09,367055.06,367055.0625,367055.0625,367055.0625
2025-06-10,334955.28,334955.28125,334955.28125,334955.28125
2025-06-11,282972.8,282972.8125,282972.8125,282972.8125
2025-06-12,282547.75,282547.75,282547.75,282547.75
2025-06-13,343546.5,343546.5,343546.5,343546.5
2025-06-14,212218.12,212218.125,212218.125,212218.125
2025-06-15,252385.44,252385.4375,252385.4375,252385.4375
2025-06-16,331144.44,331144.4375,331144.4375,331144.4375
2025-06-17,523684.75,523684.75,523684.75,523684.75
2025-06-18,243347.4,243347.40625,243347.40625,243347.40625
2025-06-19,314679.53,314679.53125,314679.53125,314679.53125
2025-06-20,253975.08,253975.078125,253975.078125,253975.078125
2025-06-21,223071.86,223071.859375,223071.859375,223071.859375
2025-06-22,294237.56,294237.5625,294237.5625,294237.5625
2025-06-23,290459.66,290459.65625,290459.65625,290459.65625
2025-06-24,257521.58,257521.578125,257521.578125,257521.578125
2025-06-25,248413.36,248413.359375,248413.359375,248413.359375
2025-06-26,300290.6,300290.59375,300290.59375,300290.59375
2025-06-27,412634.12,412634.125,412634.125,412634.125
2025-06-28,264380.94,264380.9375,264380.9375,264380.9375
2025-06-29,295227.3,295227.3125,295227.3125,295227.3125
2025-06-30,352667.3,352667.3125,352667.3125,352667.3125
2025-07-01,346202.38,346202.375,346202.375,346202.375
2025-07-02,280478.22,280478.21875,280478.21875,280478.21875
2025-07-03,256570.66,256570.65625,256570.65625,256570.65625
2025-07-04,365171.9,365171.90625,365171.90625,365171.90625
2025-07-05,251475.7,251475.703125,251475.703125,251475.703125
2025-07-06,274237.28,274237.28125,274237.28125,274237.28125
2025-07-07,308452.44,308452.4375,308452.4375,308452.4375
2025-07-08,293788.12,293788.125,293788.125,293788.125
2025-07-09,283138.3,283138.3125,283138.3125,283138.3125
2025-07-10,253890.5,253890.5,253890.5,253890.5
2025-07-11,304806.1,304806.09375,304806.09375,304806.09375
2025-07-12,270916.62,270916.625,270916.625,270916.625
2025-07-13,262467.0,262467.0,262467.0,262467.0
2025-07-14,387697.9,387697.90625,387697.90625,387697.90625
2025-07-15,339700.2,339700.1875,339700.1875,339700.1875
2025-07-16,323534.06,323534.0625,323534.0625,323534.0625
2025-07-17,284428.47,284428.46875,284428.46875,284428.46875
2025-07-18,319830.44,319830.4375,319830.4375,319830.4375
2025-07-19,300715.03,300715.03125,300715.03125,300715.03125
2025-07-20,272741.1,272741.09375,272741.09375,272741.09375
2025-07-21,344381.1,344381.09375,344381.09375,344381.09375
2025-07-22,324409.03,324409.03125,324409.03125,324409.03125
2025-07-23,313582.3,313582.3125,313582.3125,313582.3125
2025-07-24,411571.88,411571.875,411571.875,411571.875
2025-07-25,384548.06,384548.0625,384548.0625,384548.0625
2025-07-26,261946.83,261946.828125,261946.828125,261946.828125
2025-07-27,315928.38,315928.375,315928.375,315928.375
2025-07-28,409086.88,409086.875,409086.875,409086.875
2025-07-29,322229.6,322229.59375,322229.59375,322229.59375
2025-07-30,335673.84,335673.84375,335673.84375,335673.84375
2025-07-31,299047.84,299047.84375,299047.84375,299047.84375
2025-08-01,330718.75,330718.75,330718.75,330718.75
2025-08-02,270247.3,270247.3125,270247.3125,270247.3125
2025-08-03,263389.5,263389.5,263389.5,263389.5
2025-08-04,399015.9,399015.90625,399015.90625,399015.90625
2025-08-05,336699.72,336699.71875,336699.71875,336699.71875
2025-08-06,328963.0,328963.0,328963.0,328963.0
2025-08-07,376733.78,376733.78125,376733.78125,376733.78125
2025-08-08,328622.88,328622.875,328622.875,328622.875
2025-08-09,215373.83,215373.828125,215373.828125,215373.828125
2025-08-10,242437.62,242437.625,242437.625,242437.625
2025-08-11,382117.75,382117.75,382117.75,382117.75
2025-08-12,412019.7,412019.6875,412019.6875,412019.6875
2025-08-13,360980.5,360980.5,360980.5,360980.5
2025-08-14,333224.47,333224.46875,333224.46875,333224.46875
2025-08-15,282869.75,282869.75,282869.75,282869.75
2025-08-16,189121.03,189121.03125,189121.03125,189121.03125
2025-08-17,325819.0,325819.0,325819.0,325819.0
2025-08-18,363161.3,363161.3125,363161.3125,363161.3125
2025-08-19,283635.75,283635.75,283635.75,283635.75
2025-08-20,263567.75,263567.75,263567.75,263567.75
2025-08-21,278941.53,278941.53125,278941.53125,278941.53125
2025-08-22,272159.44,272159.4375,272159.4375,272159.4375
2025-08-23,229191.67,229191.671875,229191.671875,229191.671875
2025-08-24,317984.97,317984.96875,317984.96875,317984.96875
2025-08-25,235102.84,235102.84375,235102.84375,235102.84375
2025-08-26,204637.34,204637.34375,204637.34375,204637.34375
2025-08-27,231706.86,231706.859375,231706.859375,231706.859375
2025-08-28,221036.66,221036.65625,221036.65625,221036.65625
2025-08-29,242609.64,242609.640625,242609.640625,242609.640625
2025-08-30,159895.06,159895.0625,159895.0625,159895.0625
2025-08-31,142008.83,142008.828125,142008.828125,142008.828125
2025-09-01,174166.44,174166.4375,174166.4375,174166.4375
2025-09-02,154820.39,154820.390625,154820.390625,154820.390625
2025-09-03,190655.34,190655.34375,190655.34375,190655.34375
2025-09-04,181297.1,181297.09375,181297.09375,181297.09375
2025-09-05,220759.75,220759.75,220759.75,220759.75
2025-09-06,283203.8,283203.8125,283203.8125,283203.8125
2025-09-07,197394.86,197394.859375,197394.859375,197394.859375
2025-09-08,216794.88,216794.875,216794.875,216794.875
2025-09-09,226238.73,226238.734375,226238.734375,226238.734375
2025-09-10,181543.86,181543.859375,181543.859375,181543.859375
2025-09-11,268110.56,268110.5625,268110.5625,268110.5625
2025-09-12,159258.75,159258.75,159258.75,159258.75
2025-09-13,245791.56,245791.5625,245791.5625,245791.5625
2025-09-14,121453.76,121453.7578125,121453.7578125,121453.7578125
2025-09-15,126150.98,126150.9765625,126150.9765625,126150.9765625
2025-09-16,113313.97,113313.96875,113313.96875,113313.96875
2025-09-17,209001.83,209001.828125,209001.828125,209001.828125
2025-09-18,179863.58,179863.578125,179863.578125,179863.578125
2025-09-19,174486.22,174486.21875,174486.21875,174486.21875
2025-09-20,107934.26,107934.2578125,107934.2578125,107934.2578125
2025-09-21,141751.53,141751.53125,141751.53125,141751.53125
2025-09-22,125175.91,125175.90625,125175.90625,125175.90625
2025-09-23,132430.27,132430.265625,132430.265625,132430.265625
2025-09-24,179779.53,179779.53125,179779.53125,179779.53125
2025-09-25,178087.16,178087.15625,178087.15625,178087.15625
2025-09-26,153602.14,153602.140625,153602.140625,153602.140625
2025-09-27,163777.67,163777.671875,163777.671875,163777.671875
2025-09-28,141068.81,141068.8125,141068.8125,141068.8125
2025-09-29,154423.2,154423.203125,154423.203125,154423.203125
2025-09-30,201591.73,201591.734375,201591.734375,201591.734375
2025-10-01,183792.84,183792.84375,183792.84375,183792.84375
2025-10-02,146141.2,146141.203125,146141.203125,146141.203125
2025-10-03,220378.12,220378.125,220378.125,220378.125
2025-10-04,125606.61,125606.609375,125606.609375,125606.609375
2025-10-05,169821.12,169821.125,169821.125,169821.125
2025-10-06,284072.16,284072.15625,284072.15625,284072.15625
2025-10-07,123911.18,123911.1796875,123911.1796875,123911.1796875
2025-10-08,141688.81,141688.8125,141688.8125,141688.8125
2025-10-09,127071.08,127071.078125,127071.078125,127071.078125
2025-10-10,189764.52,189764.515625,189764.515625,189764.515625
2025-10-11,157980.45,157980.453125,157980.453125,157980.453125
2025-10-12,142426.81,142426.8125,142426.8125,142426.8125
2025-10-13,148457.67,148457.671875,148457.671875,148457.671875
2025-10-14,187771.23,187771.234375,187771.234375,187771.234375
2025-10-15,119374.03,119374.03125,119374.03125,119374.03125
2025-10-16,145762.88,145762.875,145762.875,145762.875
2025-10-17,132559.4,132559.40625,132559.40625,132559.40625
2025-10-18,145802.55,145802.546875,145802.546875,145802.546875
2025-10-19,143238.5,143238.5,143238.5,143238.5
2025-10-20,157518.22,157518.21875,157518.21875,157518.21875
2025-10-21,174779.6,174779.59375,174779.59375,174779.59375
2025-10-22,186108.34,186108.34375,186108.34375,186108.34375
2025-10-23,149150.05,149150.046875,149150.046875,149150.046875
2025-10-24,197860.73,197860.734375,197860.734375,197860.734375
2025-10-25,109268.31,109268.3125,109268.3125,109268.3125
2025-10-26,63304.55,63304.55078125,63304.55078125,63304.55078125
2025-10-27,180020.52,180020.515625,180020.515625,180020.515625
2025-10-28,53042.848,53042.84765625,53042.84765625,53042.84765625
2025-10-29,100974.33,100974.328125,100974.328125,100974.328125
2025-10-30,98161.9,98161.8984375,98161.8984375,98161.8984375
2025-10-31,96406.5,96406.5,96406.5,96406.5
2025-11-01,78948.27,78948.2734375,78948.2734375,78948.2734375
2025-11-02,118341.93,118341.9296875,118341.9296875,118341.9296875
2025-11-03,152209.77,152209.765625,152209.765625,152209.765625
2025-11-04,177880.84,177880.84375,177880.84375,177880.84375
2025-11-05,154837.64,154837.640625,154837.640625,154837.640625
2025-11-06,182779.89,182779.890625,182779.890625,182779.890625
2025-11-07,158520.22,158520.21875,158520.21875,158520.21875
2025-11-08,110155.1,110155.1015625,110155.1015625,110155.1015625
2025-11-09,115642.64,115642.640625,115642.640625,115642.640625
2025-11-10,129243.586,195875.6238726717,104218.39358437898,287532.8541609645
