FECHA_CORRIDA,BOLETOS_VEND,BOLETOS_VEND_FORE,FORE_LOWER,FORE_UPPER
2023-01-01,167.0,167.0,167.0,167.0
2023-01-02,233.0,233.0,233.0,233.0
2023-01-03,486.0,486.0,486.0,486.0
2023-01-04,470.0,470.0,470.0,470.0
2023-01-05,282.0,282.0,282.0,282.0
2023-01-06,255.0,255.0,255.0,255.0
2023-01-07,446.0,446.0,446.0,446.0
2023-01-08,465.0,465.0,465.0,465.0
2023-01-09,361.0,361.0,361.0,361.0
2023-01-10,308.0,308.0,308.0,308.0
2023-01-11,228.0,228.0,228.0,228.0
2023-01-12,223.0,223.0,223.0,223.0
2023-01-13,319.0,319.0,319.0,319.0
2023-01-14,269.0,269.0,269.0,269.0
2023-01-15,309.0,309.0,309.0,309.0
2023-01-16,325.0,325.0,325.0,325.0
2023-01-17,233.0,233.0,233.0,233.0
2023-01-18,215.0,215.0,215.0,215.0
2023-01-19,202.0,202.0,202.0,202.0
2023-01-20,317.0,317.0,317.0,317.0
2023-01-21,182.0,182.0,182.0,182.0
2023-01-22,286.0,286.0,286.0,286.0
2023-01-23,339.0,339.0,339.0,339.0
2023-01-24,196.0,196.0,196.0,196.0
2023-01-25,178.0,178.0,178.0,178.0
2023-01-26,309.0,309.0,309.0,309.0
2023-01-27,259.0,259.0,259.0,259.0
2023-01-28,192.0,192.0,192.0,192.0
2023-01-29,339.0,339.0,339.0,339.0
2023-01-30,260.0,260.0,260.0,260.0
2023-01-31,218.0,218.0,218.0,218.0
2023-02-01,191.0,191.0,191.0,191.0
2023-02-02,235.0,235.0,235.0,235.0
2023-02-03,321.0,321.0,321.0,321.0
2023-02-04,205.0,205.0,205.0,205.0
2023-02-05,233.0,233.0,233.0,233.0
2023-02-06,427.0,427.0,427.0,427.0
2023-02-07,278.0,278.0,278.0,278.0
2023-02-08,262.0,262.0,262.0,262.0
2023-02-09,244.0,244.0,244.0,244.0
2023-02-10,295.0,295.0,295.0,295.0
2023-02-11,140.0,140.0,140.0,140.0
2023-02-12,345.0,345.0,345.0,345.0
2023-02-13,261.0,261.0,261.0,261.0
2023-02-14,182.0,182.0,182.0,182.0
2023-02-15,312.0,312.0,312.0,312.0
2023-02-16,258.0,258.0,258.0,258.0
2023-02-17,332.0,332.0,332.0,332.0
2023-02-18,178.0,178.0,178.0,178.0
2023-02-19,338.0,338.0,338.0,338.0
2023-02-20,276.0,276.0,276.0,276.0
2023-02-21,187.0,187.0,187.0,187.0
2023-02-22,188.0,188.0,188.0,188.0
2023-02-23,275.0,275.0,275.0,275.0
2023-02-24,361.0,361.0,361.0,361.0
2023-02-25,190.0,190.0,190.0,190.0
2023-02-26,345.0,345.0,345.0,345.0
2023-02-27,421.0,421.0,421.0,421.0
2023-02-28,227.0,227.0,227.0,227.0
2023-03-01,223.0,223.0,223.0,223.0
2023-03-02,400.0,400.0,400.0,400.0
2023-03-03,426.0,426.0,426.0,426.0
2023-03-04,213.0,213.0,213.0,213.0
2023-03-05,322.0,322.0,322.0,322.0
2023-03-06,377.0,377.0,377.0,377.0
2023-03-07,269.0,269.0,269.0,269.0
2023-03-08,231.0,231.0,231.0,231.0
2023-03-09,235.0,235.0,235.0,235.0
2023-03-10,252.0,252.0,252.0,252.0
2023-03-11,175.0,175.0,175.0,175.0
2023-03-12,315.0,315.0,315.0,315.0
2023-03-13,295.0,295.0,295.0,295.0
2023-03-14,225.0,225.0,225.0,225.0
2023-03-15,229.0,229.0,229.0,229.0
2023-03-16,329.0,329.0,329.0,329.0
2023-03-17,505.0,505.0,505.0,505.0
2023-03-18,359.0,359.0,359.0,359.0
2023-03-19,297.0,297.0,297.0,297.0
2023-03-20,608.0,608.0,608.0,608.0
2023-03-21,372.0,372.0,372.0,372.0
2023-03-22,288.0,288.0,288.0,288.0
2023-03-23,262.0,262.0,262.0,262.0
2023-03-24,310.0,310.0,310.0,310.0
2023-03-25,330.0,330.0,330.0,330.0
2023-03-26,402.0,402.0,402.0,402.0
2023-03-27,326.0,326.0,326.0,326.0
2023-03-28,227.0,227.0,227.0,227.0
2023-03-29,255.0,255.0,255.0,255.0
2023-03-30,417.0,417.0,417.0,417.0
2023-03-31,424.0,424.0,424.0,424.0
2023-04-01,391.0,391.0,391.0,391.0
2023-04-02,467.0,467.0,467.0,467.0
2023-04-03,406.0,406.0,406.0,406.0
2023-04-04,356.0,356.0,356.0,356.0
2023-04-05,525.0,525.0,525.0,525.0
2023-04-06,490.0,490.0,490.0,490.0
2023-04-07,246.0,246.0,246.0,246.0
2023-04-08,444.0,444.0,444.0,444.0
2023-04-09,908.0,908.0,908.0,908.0
2023-04-10,641.0,641.0,641.0,641.0
2023-04-11,387.0,387.0,387.0,387.0
2023-04-12,312.0,312.0,312.0,312.0
2023-04-13,392.0,392.0,392.0,392.0
2023-04-14,473.0,473.0,473.0,473.0
2023-04-15,306.0,306.0,306.0,306.0
2023-04-16,434.0,434.0,434.0,434.0
2023-04-17,316.0,316.0,316.0,316.0
2023-04-18,315.0,315.0,315.0,315.0
2023-04-19,223.0,223.0,223.0,223.0
2023-04-20,246.0,246.0,246.0,246.0
2023-04-21,315.0,315.0,315.0,315.0
2023-04-22,236.0,236.0,236.0,236.0
2023-04-23,381.0,381.0,381.0,381.0
2023-04-24,278.0,278.0,278.0,278.0
2023-04-25,228.0,228.0,228.0,228.0
2023-04-26,309.0,309.0,309.0,309.0
2023-04-27,356.0,356.0,356.0,356.0
2023-04-28,610.0,610.0,610.0,610.0
2023-04-29,396.0,396.0,396.0,396.0
2023-04-30,380.0,380.0,380.0,380.0
2023-05-01,541.0,541.0,541.0,541.0
2023-05-02,369.0,369.0,369.0,369.0
2023-05-03,259.0,259.0,259.0,259.0
2023-05-04,284.0,284.0,284.0,284.0
2023-05-05,379.0,379.0,379.0,379.0
2023-05-06,350.0,350.0,350.0,350.0
2023-05-07,423.0,423.0,423.0,423.0
2023-05-08,342.0,342.0,342.0,342.0
2023-05-09,268.0,268.0,268.0,268.0
2023-05-10,147.0,147.0,147.0,147.0
2023-05-11,228.0,228.0,228.0,228.0
2023-05-12,388.0,388.0,388.0,388.0
2023-05-13,213.0,213.0,213.0,213.0
2023-05-14,373.0,373.0,373.0,373.0
2023-05-15,411.0,411.0,411.0,411.0
2023-05-16,363.0,363.0,363.0,363.0
2023-05-17,268.0,268.0,268.0,268.0
2023-05-18,437.0,437.0,437.0,437.0
2023-05-19,607.0,607.0,607.0,607.0
2023-05-20,432.0,432.0,432.0,432.0
2023-05-21,485.0,485.0,485.0,485.0
2023-05-22,592.0,592.0,592.0,592.0
2023-05-23,344.0,344.0,344.0,344.0
2023-05-24,247.0,247.0,247.0,247.0
2023-05-25,333.0,333.0,333.0,333.0
2023-05-26,462.0,462.0,462.0,462.0
2023-05-27,395.0,395.0,395.0,395.0
2023-05-28,428.0,428.0,428.0,428.0
2023-05-29,318.0,318.0,318.0,318.0
2023-05-30,267.0,267.0,267.0,267.0
2023-05-31,254.0,254.0,254.0,254.0
2023-06-01,304.0,304.0,304.0,304.0
2023-06-02,321.0,321.0,321.0,321.0
2023-06-03,275.0,275.0,275.0,275.0
2023-06-04,369.0,369.0,369.0,369.0
2023-06-05,326.0,326.0,326.0,326.0
2023-06-06,235.0,235.0,235.0,235.0
2023-06-07,238.0,238.0,238.0,238.0
2023-06-08,303.0,303.0,303.0,303.0
2023-06-09,318.0,318.0,318.0,318.0
2023-06-10,264.0,264.0,264.0,264.0
2023-06-11,381.0,381.0,381.0,381.0
2023-06-12,375.0,375.0,375.0,375.0
2023-06-13,280.0,280.0,280.0,280.0
2023-06-14,256.0,256.0,256.0,256.0
2023-06-15,309.0,309.0,309.0,309.0
2023-06-16,454.0,454.0,454.0,454.0
2023-06-17,275.0,275.0,275.0,275.0
2023-06-18,439.0,439.0,439.0,439.0
2023-06-19,372.0,372.0,372.0,372.0
2023-06-20,309.0,309.0,309.0,309.0
2023-06-21,291.0,291.0,291.0,291.0
2023-06-22,277.0,277.0,277.0,277.0
2023-06-23,409.0,409.0,409.0,409.0
2023-06-24,246.0,246.0,246.0,246.0
2023-06-25,367.0,367.0,367.0,367.0
2023-06-26,387.0,387.0,387.0,387.0
2023-06-27,308.0,308.0,308.0,308.0
2023-06-28,262.0,262.0,262.0,262.0
2023-06-29,279.0,279.0,279.0,279.0
2023-06-30,450.0,450.0,450.0,450.0
2023-07-01,336.0,336.0,336.0,336.0
2023-07-02,438.0,438.0,438.0,438.0
2023-07-03,304.0,304.0,304.0,304.0
2023-07-04,319.0,319.0,319.0,319.0
2023-07-05,261.0,261.0,261.0,261.0
2023-07-06,312.0,312.0,312.0,312.0
2023-07-07,337.0,337.0,337.0,337.0
2023-07-08,243.0,243.0,243.0,243.0
2023-07-09,329.0,329.0,329.0,329.0
2023-07-10,310.0,310.0,310.0,310.0
2023-07-11,313.0,313.0,313.0,313.0
2023-07-12,304.0,304.0,304.0,304.0
2023-07-13,483.0,483.0,483.0,483.0
2023-07-14,415.0,415.0,415.0,415.0
2023-07-15,308.0,308.0,308.0,308.0
2023-07-16,465.0,465.0,465.0,465.0
2023-07-17,409.0,409.0,409.0,409.0
2023-07-18,362.0,362.0,362.0,362.0
2023-07-19,334.0,334.0,334.0,334.0
2023-07-20,359.0,359.0,359.0,359.0
2023-07-21,376.0,376.0,376.0,376.0
2023-07-22,328.0,328.0,328.0,328.0
2023-07-23,482.0,482.0,482.0,482.0
2023-07-24,431.0,431.0,431.0,431.0
2023-07-25,344.0,344.0,344.0,344.0
2023-07-26,356.0,356.0,356.0,356.0
2023-07-27,397.0,397.0,397.0,397.0
2023-07-28,433.0,433.0,433.0,433.0
2023-07-29,404.0,404.0,404.0,404.0
2023-07-30,424.0,424.0,424.0,424.0
2023-07-31,382.0,382.0,382.0,382.0
2023-08-01,405.0,405.0,405.0,405.0
2023-08-02,381.0,381.0,381.0,381.0
2023-08-03,443.0,443.0,443.0,443.0
2023-08-04,429.0,429.0,429.0,429.0
2023-08-05,467.0,467.0,467.0,467.0
2023-08-06,448.0,448.0,448.0,448.0
2023-08-07,425.0,425.0,425.0,425.0
2023-08-08,446.0,446.0,446.0,446.0
2023-08-09,366.0,366.0,366.0,366.0
2023-08-10,455.0,455.0,455.0,455.0
2023-08-11,473.0,473.0,473.0,473.0
2023-08-12,468.0,468.0,468.0,468.0
2023-08-13,459.0,459.0,459.0,459.0
2023-08-14,336.0,336.0,336.0,336.0
2023-08-15,424.0,424.0,424.0,424.0
2023-08-16,514.0,514.0,514.0,514.0
2023-08-17,373.0,373.0,373.0,373.0
2023-08-18,430.0,430.0,430.0,430.0
2023-08-19,296.0,296.0,296.0,296.0
2023-08-20,342.0,342.0,342.0,342.0
2023-08-21,294.0,294.0,294.0,294.0
2023-08-22,311.0,311.0,311.0,311.0
2023-08-23,326.0,326.0,326.0,326.0
2023-08-24,396.0,396.0,396.0,396.0
2023-08-25,503.0,503.0,503.0,503.0
2023-08-26,747.0,747.0,747.0,747.0
2023-08-27,1216.0,1216.0,1216.0,1216.0
2023-08-28,794.0,794.0,794.0,794.0
2023-08-29,351.0,351.0,351.0,351.0
2023-08-30,279.0,279.0,279.0,279.0
2023-08-31,343.0,343.0,343.0,343.0
2023-09-01,358.0,358.0,358.0,358.0
2023-09-02,291.0,291.0,291.0,291.0
2023-09-03,369.0,369.0,369.0,369.0
2023-09-04,496.0,496.0,496.0,496.0
2023-09-05,328.0,328.0,328.0,328.0
2023-09-06,429.0,429.0,429.0,429.0
2023-09-07,310.0,310.0,310.0,310.0
2023-09-08,305.0,305.0,305.0,305.0
2023-09-09,299.0,299.0,299.0,299.0
2023-09-10,384.0,384.0,384.0,384.0
2023-09-11,398.0,398.0,398.0,398.0
2023-09-12,230.0,230.0,230.0,230.0
2023-09-13,278.0,278.0,278.0,278.0
2023-09-14,378.0,378.0,378.0,378.0
2023-09-15,329.0,329.0,329.0,329.0
2023-09-16,305.0,305.0,305.0,305.0
2023-09-17,526.0,526.0,526.0,526.0
2023-09-18,399.0,399.0,399.0,399.0
2023-09-19,379.0,379.0,379.0,379.0
2023-09-20,247.0,247.0,247.0,247.0
2023-09-21,291.0,291.0,291.0,291.0
2023-09-22,388.0,388.0,388.0,388.0
2023-09-23,315.0,315.0,315.0,315.0
2023-09-24,690.0,690.0,690.0,690.0
2023-09-25,380.0,380.0,380.0,380.0
2023-09-26,409.0,409.0,409.0,409.0
2023-09-27,284.0,284.0,284.0,284.0
2023-09-28,343.0,343.0,343.0,343.0
2023-09-29,414.0,414.0,414.0,414.0
2023-09-30,331.0,331.0,331.0,331.0
2023-10-01,578.0,578.0,578.0,578.0
2023-10-02,362.0,362.0,362.0,362.0
2023-10-03,207.0,207.0,207.0,207.0
2023-10-04,266.0,266.0,266.0,266.0
2023-10-05,246.0,246.0,246.0,246.0
2023-10-06,386.0,386.0,386.0,386.0
2023-10-07,307.0,307.0,307.0,307.0
2023-10-08,548.0,548.0,548.0,548.0
2023-10-09,344.0,344.0,344.0,344.0
2023-10-10,326.0,326.0,326.0,326.0
2023-10-11,329.0,329.0,329.0,329.0
2023-10-12,341.0,341.0,341.0,341.0
2023-10-13,414.0,414.0,414.0,414.0
2023-10-14,271.0,271.0,271.0,271.0
2023-10-15,535.0,535.0,535.0,535.0
2023-10-16,447.0,447.0,447.0,447.0
2023-10-17,416.0,416.0,416.0,416.0
2023-10-18,383.0,383.0,383.0,383.0
2023-10-19,354.0,354.0,354.0,354.0
2023-10-20,442.0,442.0,442.0,442.0
2023-10-21,274.0,274.0,274.0,274.0
2023-10-22,448.0,448.0,448.0,448.0
2023-10-23,548.0,548.0,548.0,548.0
2023-10-24,315.0,315.0,315.0,315.0
2023-10-25,362.0,362.0,362.0,362.0
2023-10-26,401.0,401.0,401.0,401.0
2023-10-27,455.0,455.0,455.0,455.0
2023-10-28,307.0,307.0,307.0,307.0
2023-10-29,855.0,855.0,855.0,855.0
2023-10-30,568.0,568.0,568.0,568.0
2023-10-31,348.0,348.0,348.0,348.0
2023-11-01,252.0,252.0,252.0,252.0
2023-11-02,409.0,409.0,409.0,409.0
2023-11-03,374.0,374.0,374.0,374.0
2023-11-04,308.0,308.0,308.0,308.0
2023-11-05,492.0,492.0,492.0,492.0
2023-11-06,434.0,434.0,434.0,434.0
2023-11-07,346.0,346.0,346.0,346.0
2023-11-08,443.0,443.0,443.0,443.0
2023-11-09,279.0,279.0,279.0,279.0
2023-11-10,359.0,359.0,359.0,359.0
2023-11-11,363.0,363.0,363.0,363.0
2023-11-12,565.0,565.0,565.0,565.0
2023-11-13,350.0,350.0,350.0,350.0
2023-11-14,405.0,405.0,405.0,405.0
2023-11-15,450.0,450.0,450.0,450.0
2023-11-16,503.0,503.0,503.0,503.0
2023-11-17,727.0,727.0,727.0,727.0
2023-11-18,417.0,417.0,417.0,417.0
2023-11-19,387.0,387.0,387.0,387.0
2023-11-20,800.0,800.0,800.0,800.0
2023-11-21,537.0,537.0,537.0,537.0
2023-11-22,330.0,330.0,330.0,330.0
2023-11-23,434.0,434.0,434.0,434.0
2023-11-24,490.0,490.0,490.0,490.0
2023-11-25,333.0,333.0,333.0,333.0
2023-11-26,637.0,637.0,637.0,637.0
2023-11-27,421.0,421.0,421.0,421.0
2023-11-28,276.0,276.0,276.0,276.0
2023-11-29,327.0,327.0,327.0,327.0
2023-11-30,384.0,384.0,384.0,384.0
2023-12-01,391.0,391.0,391.0,391.0
2023-12-02,285.0,285.0,285.0,285.0
2023-12-03,520.0,520.0,520.0,520.0
2023-12-04,367.0,367.0,367.0,367.0
2023-12-05,263.0,263.0,263.0,263.0
2023-12-06,277.0,277.0,277.0,277.0
2023-12-07,311.0,311.0,311.0,311.0
2023-12-08,345.0,345.0,345.0,345.0
2023-12-09,365.0,365.0,365.0,365.0
2023-12-10,433.0,433.0,433.0,433.0
2023-12-11,261.0,261.0,261.0,261.0
2023-12-12,258.0,258.0,258.0,258.0
2023-12-13,270.0,270.0,270.0,270.0
2023-12-14,401.0,401.0,401.0,401.0
2023-12-15,470.0,470.0,470.0,470.0
2023-12-16,470.0,470.0,470.0,470.0
2023-12-17,446.0,446.0,446.0,446.0
2023-12-18,647.0,647.0,647.0,647.0
2023-12-19,318.0,318.0,318.0,318.0
2023-12-20,366.0,366.0,366.0,366.0
2023-12-21,492.0,492.0,492.0,492.0
2023-12-22,811.0,811.0,811.0,811.0
2023-12-23,516.0,516.0,516.0,516.0
2023-12-24,128.0,128.0,128.0,128.0
2023-12-25,504.0,504.0,504.0,504.0
2023-12-26,649.0,649.0,649.0,649.0
2023-12-27,614.0,614.0,614.0,614.0
2023-12-28,458.0,458.0,458.0,458.0
2023-12-29,467.0,467.0,467.0,467.0
2023-12-30,623.0,623.0,623.0,623.0
2023-12-31,161.0,161.0,161.0,161.0
2024-01-01,832.0,832.0,832.0,832.0
2024-01-02,854.0,854.0,854.0,854.0
2024-01-03,677.0,677.0,677.0,677.0
2024-01-04,503.0,503.0,503.0,503.0
2024-01-05,412.0,412.0,412.0,412.0
2024-01-06,450.0,450.0,450.0,450.0
2024-01-07,560.0,560.0,560.0,560.0
2024-01-08,451.0,451.0,451.0,451.0
2024-01-09,250.0,250.0,250.0,250.0
2024-01-10,265.0,265.0,265.0,265.0
2024-01-11,212.0,212.0,212.0,212.0
2024-01-12,333.0,333.0,333.0,333.0
2024-01-13,251.0,251.0,251.0,251.0
2024-01-14,339.0,339.0,339.0,339.0
2024-01-15,369.0,369.0,369.0,369.0
2024-01-16,264.0,264.0,264.0,264.0
2024-01-17,241.0,241.0,241.0,241.0
2024-01-18,275.0,275.0,275.0,275.0
2024-01-19,342.0,342.0,342.0,342.0
2024-01-20,221.0,221.0,221.0,221.0
2024-01-21,313.0,313.0,313.0,313.0
2024-01-22,335.0,335.0,335.0,335.0
2024-01-23,282.0,282.0,282.0,282.0
2024-01-24,270.0,270.0,270.0,270.0
2024-01-25,317.0,317.0,317.0,317.0
2024-01-26,324.0,324.0,324.0,324.0
2024-01-27,252.0,252.0,252.0,252.0
2024-01-28,320.0,320.0,320.0,320.0
2024-01-29,226.0,226.0,226.0,226.0
2024-01-30,191.0,191.0,191.0,191.0
2024-01-31,224.0,224.0,224.0,224.0
2024-02-01,305.0,305.0,305.0,305.0
2024-02-02,422.0,422.0,422.0,422.0
2024-02-03,299.0,299.0,299.0,299.0
2024-02-04,510.0,510.0,510.0,510.0
2024-02-05,552.0,552.0,552.0,552.0
2024-02-06,329.0,329.0,329.0,329.0
2024-02-07,274.0,274.0,274.0,274.0
2024-02-08,281.0,281.0,281.0,281.0
2024-02-09,306.0,306.0,306.0,306.0
2024-02-10,193.0,193.0,193.0,193.0
2024-02-11,322.0,322.0,322.0,322.0
2024-02-12,244.0,244.0,244.0,244.0
2024-02-13,276.0,276.0,276.0,276.0
2024-02-14,219.0,219.0,219.0,219.0
2024-02-15,421.0,421.0,421.0,421.0
2024-02-16,374.0,374.0,374.0,374.0
2024-02-17,173.0,173.0,173.0,173.0
2024-02-18,333.0,333.0,333.0,333.0
2024-02-19,251.0,251.0,251.0,251.0
2024-02-20,273.0,273.0,273.0,273.0
2024-02-21,295.0,295.0,295.0,295.0
2024-02-22,375.0,375.0,375.0,375.0
2024-02-23,468.0,468.0,468.0,468.0
2024-02-24,248.0,248.0,248.0,248.0
2024-02-25,351.0,351.0,351.0,351.0
2024-02-26,348.0,348.0,348.0,348.0
2024-02-27,235.0,235.0,235.0,235.0
2024-02-28,272.0,272.0,272.0,272.0
2024-02-29,370.0,370.0,370.0,370.0
2024-03-01,379.0,379.0,379.0,379.0
2024-03-02,244.0,244.0,244.0,244.0
2024-03-03,299.0,299.0,299.0,299.0
2024-03-04,269.0,269.0,269.0,269.0
2024-03-05,293.0,293.0,293.0,293.0
2024-03-06,229.0,229.0,229.0,229.0
2024-03-07,275.0,275.0,275.0,275.0
2024-03-08,249.0,249.0,249.0,249.0
2024-03-09,270.0,270.0,270.0,270.0
2024-03-10,318.0,318.0,318.0,318.0
2024-03-11,350.0,350.0,350.0,350.0
2024-03-12,253.0,253.0,253.0,253.0
2024-03-13,290.0,290.0,290.0,290.0
2024-03-14,489.0,489.0,489.0,489.0
2024-03-15,642.0,642.0,642.0,642.0
2024-03-16,313.0,313.0,313.0,313.0
2024-03-17,259.0,259.0,259.0,259.0
2024-03-18,635.0,635.0,635.0,635.0
2024-03-19,344.0,344.0,344.0,344.0
2024-03-20,413.0,413.0,413.0,413.0
2024-03-21,365.0,365.0,365.0,365.0
2024-03-22,438.0,438.0,438.0,438.0
2024-03-23,268.0,268.0,268.0,268.0
2024-03-24,377.0,377.0,377.0,377.0
2024-03-25,432.0,432.0,432.0,432.0
2024-03-26,344.0,344.0,344.0,344.0
2024-03-27,563.0,563.0,563.0,563.0
2024-03-28,383.0,383.0,383.0,383.0
2024-03-29,217.0,217.0,217.0,217.0
2024-03-30,528.0,528.0,528.0,528.0
2024-03-31,959.0,959.0,959.0,959.0
2024-04-01,593.0,593.0,593.0,593.0
2024-04-02,389.0,389.0,389.0,389.0
2024-04-03,348.0,348.0,348.0,348.0
2024-04-04,366.0,366.0,366.0,366.0
2024-04-05,392.0,392.0,392.0,392.0
2024-04-06,460.0,460.0,460.0,460.0
2024-04-07,595.0,595.0,595.0,595.0
2024-04-08,346.0,346.0,346.0,346.0
2024-04-09,230.0,230.0,230.0,230.0
2024-04-10,257.0,257.0,257.0,257.0
2024-04-11,236.0,236.0,236.0,236.0
2024-04-12,294.0,294.0,294.0,294.0
2024-04-13,150.0,150.0,150.0,150.0
2024-04-14,278.0,278.0,278.0,278.0
2024-04-15,290.0,290.0,290.0,290.0
2024-04-16,257.0,257.0,257.0,257.0
2024-04-17,211.0,211.0,211.0,211.0
2024-04-18,243.0,243.0,243.0,243.0
2024-04-19,299.0,299.0,299.0,299.0
2024-04-20,218.0,218.0,218.0,218.0
2024-04-21,399.0,399.0,399.0,399.0
2024-04-22,374.0,374.0,374.0,374.0
2024-04-23,227.0,227.0,227.0,227.0
2024-04-24,300.0,300.0,300.0,300.0
2024-04-25,318.0,318.0,318.0,318.0
2024-04-26,352.0,352.0,352.0,352.0
2024-04-27,231.0,231.0,231.0,231.0
2024-04-28,330.0,330.0,330.0,330.0
2024-04-29,275.0,275.0,275.0,275.0
2024-04-30,173.0,173.0,173.0,173.0
2024-05-01,261.0,261.0,261.0,261.0
2024-05-02,222.0,222.0,222.0,222.0
2024-05-03,342.0,342.0,342.0,342.0
2024-05-04,178.0,178.0,178.0,178.0
2024-05-05,298.0,298.0,298.0,298.0
2024-05-06,251.0,251.0,251.0,251.0
2024-05-07,163.0,163.0,163.0,163.0
2024-05-08,213.0,213.0,213.0,213.0
2024-05-09,299.0,299.0,299.0,299.0
2024-05-10,225.0,225.0,225.0,225.0
2024-05-11,139.0,139.0,139.0,139.0
2024-05-12,346.0,346.0,346.0,346.0
2024-05-13,308.0,308.0,308.0,308.0
2024-05-14,221.0,221.0,221.0,221.0
2024-05-15,319.0,319.0,319.0,319.0
2024-05-16,265.0,265.0,265.0,265.0
2024-05-17,390.0,390.0,390.0,390.0
2024-05-18,212.0,212.0,212.0,212.0
2024-05-19,469.0,469.0,469.0,469.0
2024-05-20,332.0,332.0,332.0,332.0
2024-05-21,213.0,213.0,213.0,213.0
2024-05-22,296.0,296.0,296.0,296.0
2024-05-23,333.0,333.0,333.0,333.0
2024-05-24,395.0,395.0,395.0,395.0
2024-05-25,228.0,228.0,228.0,228.0
2024-05-26,356.0,356.0,356.0,356.0
2024-05-27,528.0,528.0,528.0,528.0
2024-05-28,255.0,255.0,255.0,255.0
2024-05-29,264.0,264.0,264.0,264.0
2024-05-30,220.0,220.0,220.0,220.0
2024-05-31,215.0,215.0,215.0,215.0
2024-06-01,190.0,190.0,190.0,190.0
2024-06-02,212.0,212.0,212.0,212.0
2024-06-03,170.0,170.0,170.0,170.0
2024-06-04,147.0,147.0,147.0,147.0
2024-06-05,212.0,212.0,212.0,212.0
2024-06-06,323.0,323.0,323.0,323.0
2024-06-07,391.0,391.0,391.0,391.0
2024-06-08,206.0,206.0,206.0,206.0
2024-06-09,342.0,342.0,342.0,342.0
2024-06-10,293.0,293.0,293.0,293.0
2024-06-11,197.0,197.0,197.0,197.0
2024-06-12,275.0,275.0,275.0,275.0
2024-06-13,302.0,302.0,302.0,302.0
2024-06-14,332.0,332.0,332.0,332.0
2024-06-15,223.0,223.0,223.0,223.0
2024-06-16,356.0,356.0,356.0,356.0
2024-06-17,317.0,317.0,317.0,317.0
2024-06-18,230.0,230.0,230.0,230.0
2024-06-19,284.0,284.0,284.0,284.0
2024-06-20,267.0,267.0,267.0,267.0
2024-06-21,350.0,350.0,350.0,350.0
2024-06-22,226.0,226.0,226.0,226.0
2024-06-23,316.0,316.0,316.0,316.0
2024-06-24,274.0,274.0,274.0,274.0
2024-06-25,219.0,219.0,219.0,219.0
2024-06-26,255.0,255.0,255.0,255.0
2024-06-27,275.0,275.0,275.0,275.0
2024-06-28,331.0,331.0,331.0,331.0
2024-06-29,182.0,182.0,182.0,182.0
2024-06-30,470.0,470.0,470.0,470.0
2024-07-01,384.0,384.0,384.0,384.0
2024-07-02,209.0,209.0,209.0,209.0
2024-07-03,325.0,325.0,325.0,325.0
2024-07-04,332.0,332.0,332.0,332.0
2024-07-05,308.0,308.0,308.0,308.0
2024-07-06,245.0,245.0,245.0,245.0
2024-07-07,391.0,391.0,391.0,391.0
2024-07-08,303.0,303.0,303.0,303.0
2024-07-09,214.0,214.0,214.0,214.0
2024-07-10,265.0,265.0,265.0,265.0
2024-07-11,267.0,267.0,267.0,267.0
2024-07-12,370.0,370.0,370.0,370.0
2024-07-13,339.0,339.0,339.0,339.0
2024-07-14,456.0,456.0,456.0,456.0
2024-07-15,409.0,409.0,409.0,409.0
2024-07-16,378.0,378.0,378.0,378.0
2024-07-17,493.0,493.0,493.0,493.0
2024-07-18,456.0,456.0,456.0,456.0
2024-07-19,490.0,490.0,490.0,490.0
2024-07-20,409.0,409.0,409.0,409.0
2024-07-21,600.0,600.0,600.0,600.0
2024-07-22,401.0,401.0,401.0,401.0
2024-07-23,300.0,300.0,300.0,300.0
2024-07-24,229.0,229.0,229.0,229.0
2024-07-25,378.0,378.0,378.0,378.0
2024-07-26,362.0,362.0,362.0,362.0
2024-07-27,296.0,296.0,296.0,296.0
2024-07-28,372.0,372.0,372.0,372.0
2024-07-29,359.0,359.0,359.0,359.0
2024-07-30,423.0,423.0,423.0,423.0
2024-07-31,350.0,350.0,350.0,350.0
2024-08-01,353.0,353.0,353.0,353.0
2024-08-02,398.0,398.0,398.0,398.0
2024-08-03,285.0,285.0,285.0,285.0
2024-08-04,447.0,447.0,447.0,447.0
2024-08-05,413.0,413.0,413.0,413.0
2024-08-06,302.0,302.0,302.0,302.0
2024-08-07,244.0,244.0,244.0,244.0
2024-08-08,308.0,308.0,308.0,308.0
2024-08-09,432.0,432.0,432.0,432.0
2024-08-10,373.0,373.0,373.0,373.0
2024-08-11,504.0,504.0,504.0,504.0
2024-08-12,494.0,494.0,494.0,494.0
2024-08-13,311.0,311.0,311.0,311.0
2024-08-14,264.0,264.0,264.0,264.0
2024-08-15,303.0,303.0,303.0,303.0
2024-08-16,479.0,479.0,479.0,479.0
2024-08-17,254.0,254.0,254.0,254.0
2024-08-18,351.0,351.0,351.0,351.0
2024-08-19,332.0,332.0,332.0,332.0
2024-08-20,285.0,285.0,285.0,285.0
2024-08-21,320.0,320.0,320.0,320.0
2024-08-22,318.0,318.0,318.0,318.0
2024-08-23,450.0,450.0,450.0,450.0
2024-08-24,268.0,268.0,268.0,268.0
2024-08-25,427.0,427.0,427.0,427.0
2024-08-26,302.0,302.0,302.0,302.0
2024-08-27,222.0,222.0,222.0,222.0
2024-08-28,285.0,285.0,285.0,285.0
2024-08-29,272.0,272.0,272.0,272.0
2024-08-30,358.0,358.0,358.0,358.0
2024-08-31,371.0,371.0,371.0,371.0
2024-09-01,472.0,472.0,472.0,472.0
2024-09-02,366.0,366.0,366.0,366.0
2024-09-03,239.0,239.0,239.0,239.0
2024-09-04,281.0,281.0,281.0,281.0
2024-09-05,335.0,335.0,335.0,335.0
2024-09-06,343.0,343.0,343.0,343.0
2024-09-07,187.0,187.0,187.0,187.0
2024-09-08,340.0,340.0,340.0,340.0
2024-09-09,222.0,222.0,222.0,222.0
2024-09-10,225.0,225.0,225.0,225.0
2024-09-11,281.0,281.0,281.0,281.0
2024-09-12,345.0,345.0,345.0,345.0
2024-09-13,524.0,524.0,524.0,524.0
2024-09-14,320.0,320.0,320.0,320.0
2024-09-15,231.0,231.0,231.0,231.0
2024-09-16,588.0,588.0,588.0,588.0
2024-09-17,624.0,624.0,624.0,624.0
2024-09-18,345.0,345.0,345.0,345.0
2024-09-19,381.0,381.0,381.0,381.0
2024-09-20,384.0,384.0,384.0,384.0
2024-09-21,332.0,332.0,332.0,332.0
2024-09-22,509.0,509.0,509.0,509.0
2024-09-23,488.0,488.0,488.0,488.0
2024-09-24,288.0,288.0,288.0,288.0
2024-09-25,306.0,306.0,306.0,306.0
2024-09-26,322.0,322.0,322.0,322.0
2024-09-27,506.0,506.0,506.0,506.0
2024-09-28,321.0,321.0,321.0,321.0
2024-09-29,313.0,313.0,313.0,313.0
2024-09-30,429.0,429.0,429.0,429.0
2024-10-01,274.0,274.0,274.0,274.0
2024-10-02,292.0,292.0,292.0,292.0
2024-10-03,372.0,372.0,372.0,372.0
2024-10-04,433.0,433.0,433.0,433.0
2024-10-05,277.0,277.0,277.0,277.0
2024-10-06,346.0,346.0,346.0,346.0
2024-10-07,302.0,302.0,302.0,302.0
2024-10-08,257.0,257.0,257.0,257.0
2024-10-09,274.0,274.0,274.0,274.0
2024-10-10,271.0,271.0,271.0,271.0
2024-10-11,358.0,358.0,358.0,358.0
2024-10-12,200.0,200.0,200.0,200.0
2024-10-13,386.0,386.0,386.0,386.0
2024-10-14,316.0,316.0,316.0,316.0
2024-10-15,272.0,272.0,272.0,272.0
2024-10-16,317.0,317.0,317.0,317.0
2024-10-17,350.0,350.0,350.0,350.0
2024-10-18,323.0,323.0,323.0,323.0
2024-10-19,264.0,264.0,264.0,264.0
2024-10-20,439.0,439.0,439.0,439.0
2024-10-21,400.0,400.0,400.0,400.0
2024-10-22,306.0,306.0,306.0,306.0
2024-10-23,192.0,192.0,192.0,192.0
2024-10-24,356.0,356.0,356.0,356.0
2024-10-25,378.0,378.0,378.0,378.0
2024-10-26,165.0,165.0,165.0,165.0
2024-10-27,673.0,673.0,673.0,673.0
2024-10-28,523.0,523.0,523.0,523.0
2024-10-29,326.0,326.0,326.0,326.0
2024-10-30,297.0,297.0,297.0,297.0
2024-10-31,365.0,365.0,365.0,365.0
2024-11-01,344.0,344.0,344.0,344.0
2024-11-02,279.0,279.0,279.0,279.0
2024-11-03,516.0,516.0,516.0,516.0
2024-11-04,450.0,450.0,450.0,450.0
2024-11-05,322.0,322.0,322.0,322.0
2024-11-06,336.0,336.0,336.0,336.0
2024-11-07,332.0,332.0,332.0,332.0
2024-11-08,559.0,559.0,559.0,559.0
2024-11-09,299.0,299.0,299.0,299.0
2024-11-10,527.0,527.0,527.0,527.0
2024-11-11,351.0,351.0,351.0,351.0
2024-11-12,253.0,253.0,253.0,253.0
2024-11-13,333.0,333.0,333.0,333.0
2024-11-14,439.0,439.0,439.0,439.0
2024-11-15,594.0,594.0,594.0,594.0
2024-11-16,506.0,506.0,506.0,506.0
2024-11-17,445.0,445.0,445.0,445.0
2024-11-18,629.0,629.0,629.0,629.0
2024-11-19,397.0,397.0,397.0,397.0
2024-11-20,330.0,330.0,330.0,330.0
2024-11-21,408.0,408.0,408.0,408.0
2024-11-22,347.0,347.0,347.0,347.0
2024-11-23,336.0,336.0,336.0,336.0
2024-11-24,407.0,407.0,407.0,407.0
2024-11-25,354.0,354.0,354.0,354.0
2024-11-26,329.0,329.0,329.0,329.0
2024-11-27,339.0,339.0,339.0,339.0
2024-11-28,372.0,372.0,372.0,372.0
2024-11-29,499.0,499.0,499.0,499.0
2024-11-30,461.0,461.0,461.0,461.0
2024-12-01,512.0,512.0,512.0,512.0
2024-12-02,342.0,342.0,342.0,342.0
2024-12-03,306.0,306.0,306.0,306.0
2024-12-04,298.0,298.0,298.0,298.0
2024-12-05,423.0,423.0,423.0,423.0
2024-12-06,483.0,483.0,483.0,483.0
2024-12-07,291.0,291.0,291.0,291.0
2024-12-08,491.0,491.0,491.0,491.0
2024-12-09,392.0,392.0,392.0,392.0
2024-12-10,334.0,334.0,334.0,334.0
2024-12-11,283.0,283.0,283.0,283.0
2024-12-12,346.0,346.0,346.0,346.0
2024-12-13,437.0,437.0,437.0,437.0
2024-12-14,430.0,430.0,430.0,430.0
2024-12-15,426.0,426.0,426.0,426.0
2024-12-16,422.0,422.0,422.0,422.0
2024-12-17,362.0,362.0,362.0,362.0
2024-12-18,406.0,406.0,406.0,406.0
2024-12-19,487.0,487.0,487.0,487.0
2024-12-20,559.0,559.0,559.0,559.0
2024-12-21,694.0,694.0,694.0,694.0
2024-12-22,738.0,738.0,738.0,738.0
2024-12-23,514.0,514.0,514.0,514.0
2024-12-24,217.0,217.0,217.0,217.0
2024-12-25,406.0,406.0,406.0,406.0
2024-12-26,616.0,616.0,616.0,616.0
2024-12-27,619.0,619.0,619.0,619.0
2024-12-28,579.0,579.0,579.0,579.0
2024-12-29,515.0,515.0,515.0,515.0
2024-12-30,418.0,418.0,418.0,418.0
2024-12-31,145.0,145.0,145.0,145.0
2025-01-01,462.0,462.0,462.0,462.0
2025-01-02,551.0,551.0,551.0,551.0
2025-01-03,605.0,605.0,605.0,605.0
2025-01-04,593.0,593.0,593.0,593.0
2025-01-05,638.0,638.0,638.0,638.0
2025-01-06,383.0,383.0,383.0,383.0
2025-01-07,471.0,471.0,471.0,471.0
2025-01-08,372.0,372.0,372.0,372.0
2025-01-09,208.0,208.0,208.0,208.0
2025-01-10,263.0,263.0,263.0,263.0
2025-01-11,269.0,269.0,269.0,269.0
2025-01-12,363.0,363.0,363.0,363.0
2025-01-13,230.0,230.0,230.0,230.0
2025-01-14,235.0,235.0,235.0,235.0
2025-01-15,215.0,215.0,215.0,215.0
2025-01-16,307.0,307.0,307.0,307.0
2025-01-17,330.0,330.0,330.0,330.0
2025-01-18,225.0,225.0,225.0,225.0
2025-01-19,387.0,387.0,387.0,387.0
2025-01-20,325.0,325.0,325.0,325.0
2025-01-21,274.0,274.0,274.0,274.0
2025-01-22,207.0,207.0,207.0,207.0
2025-01-23,223.0,223.0,223.0,223.0
2025-01-24,327.0,327.0,327.0,327.0
2025-01-25,215.0,215.0,215.0,215.0
2025-01-26,340.0,340.0,340.0,340.0
2025-01-27,270.0,270.0,270.0,270.0
2025-01-28,218.0,218.0,218.0,218.0
2025-01-29,306.0,306.0,306.0,306.0
2025-01-30,328.0,328.0,328.0,328.0
2025-01-31,422.0,422.0,422.0,422.0
2025-02-01,201.0,201.0,201.0,201.0
2025-02-02,191.0,191.0,191.0,191.0
2025-02-03,368.0,368.0,368.0,368.0
2025-02-04,224.0,224.0,224.0,224.0
2025-02-05,182.0,182.0,182.0,182.0
2025-02-06,239.0,239.0,239.0,239.0
2025-02-07,291.0,291.0,291.0,291.0
2025-02-08,223.0,223.0,223.0,223.0
2025-02-09,295.0,295.0,295.0,295.0
2025-02-10,142.0,142.0,142.0,142.0
2025-02-11,150.0,150.0,150.0,150.0
2025-02-12,192.0,192.0,192.0,192.0
2025-02-13,240.0,240.0,240.0,240.0
2025-02-14,250.0,250.0,250.0,250.0
2025-02-15,206.0,206.0,206.0,206.0
2025-02-16,416.0,416.0,416.0,416.0
2025-02-17,295.0,295.0,295.0,295.0
2025-02-18,283.0,283.0,283.0,283.0
2025-02-19,273.0,273.0,273.0,273.0
2025-02-20,360.0,360.0,360.0,360.0
2025-02-21,375.0,375.0,375.0,375.0
2025-02-22,253.0,253.0,253.0,253.0
2025-02-23,341.0,341.0,341.0,341.0
2025-02-24,354.0,354.0,354.0,354.0
2025-02-25,226.0,226.0,226.0,226.0
2025-02-26,304.0,304.0,304.0,304.0
2025-02-27,362.0,362.0,362.0,362.0
2025-02-28,435.0,435.0,435.0,435.0
2025-03-01,223.0,223.0,223.0,223.0
2025-03-02,384.0,384.0,384.0,384.0
2025-03-03,333.0,333.0,333.0,333.0
2025-03-04,250.0,250.0,250.0,250.0
2025-03-05,182.0,182.0,182.0,182.0
2025-03-06,262.0,262.0,262.0,262.0
2025-03-07,304.0,304.0,304.0,304.0
2025-03-08,164.0,164.0,164.0,164.0
2025-03-09,247.0,247.0,247.0,247.0
2025-03-10,228.0,228.0,228.0,228.0
2025-03-11,203.0,203.0,203.0,203.0
2025-03-12,270.0,270.0,270.0,270.0
2025-03-13,408.0,408.0,408.0,408.0
2025-03-14,522.0,522.0,522.0,522.0
2025-03-15,316.0,316.0,316.0,316.0
2025-03-16,255.0,255.0,255.0,255.0
2025-03-17,489.0,489.0,489.0,489.0
2025-03-18,277.0,277.0,277.0,277.0
2025-03-19,203.0,203.0,203.0,203.0
2025-03-20,337.0,337.0,337.0,337.0
2025-03-21,340.0,340.0,340.0,340.0
2025-03-22,371.0,371.0,371.0,371.0
2025-03-23,404.0,404.0,404.0,404.0
2025-03-24,429.0,429.0,429.0,429.0
2025-03-25,284.0,284.0,284.0,284.0
2025-03-26,284.0,284.0,284.0,284.0
2025-03-27,342.0,342.0,342.0,342.0
2025-03-28,385.0,385.0,385.0,385.0
2025-03-29,427.0,427.0,427.0,427.0
2025-03-30,482.0,482.0,482.0,482.0
2025-03-31,320.0,320.0,320.0,320.0
2025-04-01,261.0,261.0,261.0,261.0
2025-04-02,271.0,271.0,271.0,271.0
2025-04-03,523.0,523.0,523.0,523.0
2025-04-04,409.0,409.0,409.0,409.0
2025-04-05,335.0,335.0,335.0,335.0
2025-04-06,443.0,443.0,443.0,443.0
2025-04-07,369.0,369.0,369.0,369.0
2025-04-08,247.0,247.0,247.0,247.0
2025-04-09,265.0,265.0,265.0,265.0
2025-04-10,348.0,348.0,348.0,348.0
2025-04-11,460.0,460.0,460.0,460.0
2025-04-12,306.0,306.0,306.0,306.0
2025-04-13,662.0,662.0,662.0,662.0
2025-04-14,514.0,514.0,514.0,514.0
2025-04-15,549.0,549.0,549.0,549.0
2025-04-16,522.0,522.0,522.0,522.0
2025-04-17,410.0,410.0,410.0,410.0
2025-04-18,222.0,222.0,222.0,222.0
2025-04-19,492.0,492.0,492.0,492.0
2025-04-20,1050.0,1050.0,1050.0,1050.0
2025-04-21,578.0,578.0,578.0,578.0
2025-04-22,288.0,288.0,288.0,288.0
2025-04-23,338.0,338.0,338.0,338.0
2025-04-24,362.0,362.0,362.0,362.0
2025-04-25,337.0,337.0,337.0,337.0
2025-04-26,470.0,470.0,470.0,470.0
2025-04-27,810.0,810.0,810.0,810.0
2025-04-28,603.0,603.0,603.0,603.0
2025-04-29,309.0,309.0,309.0,309.0
2025-04-30,677.0,677.0,677.0,677.0
2025-05-01,339.0,339.0,339.0,339.0
2025-05-02,228.0,228.0,228.0,228.0
2025-05-03,192.0,192.0,192.0,192.0
2025-05-04,315.0,315.0,315.0,315.0
2025-05-05,304.0,304.0,304.0,304.0
2025-05-06,283.0,283.0,283.0,283.0
2025-05-07,230.0,230.0,230.0,230.0
2025-05-08,274.0,274.0,274.0,274.0
2025-05-09,237.0,237.0,237.0,237.0
2025-05-10,221.0,221.0,221.0,221.0
2025-05-11,250.0,250.0,250.0,250.0
2025-05-12,252.0,252.0,252.0,252.0
2025-05-13,206.0,206.0,206.0,206.0
2025-05-14,463.0,463.0,463.0,463.0
2025-05-15,334.0,334.0,334.0,334.0
2025-05-16,377.0,377.0,377.0,377.0
2025-05-17,240.0,240.0,240.0,240.0
2025-05-18,397.0,397.0,397.0,397.0
2025-05-19,384.0,384.0,384.0,384.0
2025-05-20,257.0,257.0,257.0,257.0
2025-05-21,256.0,256.0,256.0,256.0
2025-05-22,320.0,320.0,320.0,320.0
2025-05-23,478.0,478.0,478.0,478.0
2025-05-24,196.0,196.0,196.0,196.0
2025-05-25,382.0,382.0,382.0,382.0
2025-05-26,241.0,241.0,241.0,241.0
2025-05-27,215.0,215.0,215.0,215.0
2025-05-28,263.0,263.0,263.0,263.0
2025-05-29,368.0,368.0,368.0,368.0
2025-05-30,356.0,356.0,356.0,356.0
2025-05-31,243.0,243.0,243.0,243.0
2025-06-01,419.0,419.0,419.0,419.0
2025-06-02,269.0,269.0,269.0,269.0
2025-06-03,227.0,227.0,227.0,227.0
2025-06-04,189.0,189.0,189.0,189.0
2025-06-05,300.0,300.0,300.0,300.0
2025-06-06,324.0,324.0,324.0,324.0
2025-06-07,215.0,215.0,215.0,215.0
2025-06-08,367.0,367.0,367.0,367.0
2025-06-09,310.0,310.0,310.0,310.0
2025-06-10,331.0,331.0,331.0,331.0
2025-06-11,242.0,242.0,242.0,242.0
2025-06-12,261.0,261.0,261.0,261.0
2025-06-13,302.0,302.0,302.0,302.0
2025-06-14,227.0,227.0,227.0,227.0
2025-06-15,291.0,291.0,291.0,291.0
2025-06-16,308.0,308.0,308.0,308.0
2025-06-17,293.0,293.0,293.0,293.0
2025-06-18,249.0,249.0,249.0,249.0
2025-06-19,253.0,253.0,253.0,253.0
2025-06-20,330.0,330.0,330.0,330.0
2025-06-21,295.0,295.0,295.0,295.0
2025-06-22,326.0,326.0,326.0,326.0
2025-06-23,340.0,340.0,340.0,340.0
2025-06-24,186.0,186.0,186.0,186.0
2025-06-25,255.0,255.0,255.0,255.0
2025-06-26,278.0,278.0,278.0,278.0
2025-06-27,293.0,293.0,293.0,293.0
2025-06-28,219.0,219.0,219.0,219.0
2025-06-29,474.0,474.0,474.0,474.0
2025-06-30,323.0,323.0,323.0,323.0
2025-07-01,271.0,271.0,271.0,271.0
2025-07-02,221.0,221.0,221.0,221.0
2025-07-03,216.0,216.0,216.0,216.0
2025-07-04,282.0,282.0,282.0,282.0
2025-07-05,233.0,233.0,233.0,233.0
2025-07-06,323.0,323.0,323.0,323.0
2025-07-07,278.0,278.0,278.0,278.0
2025-07-08,238.0,238.0,238.0,238.0
2025-07-09,241.0,241.0,241.0,241.0
2025-07-10,272.0,272.0,272.0,272.0
2025-07-11,289.0,289.0,289.0,289.0
2025-07-12,266.0,266.0,266.0,266.0
2025-07-13,296.0,296.0,296.0,296.0
2025-07-14,311.0,311.0,311.0,311.0
2025-07-15,312.0,312.0,312.0,312.0
2025-07-16,323.0,323.0,323.0,323.0
2025-07-17,298.0,298.0,298.0,298.0
2025-07-18,336.0,336.0,336.0,336.0
2025-07-19,305.0,305.0,305.0,305.0
2025-07-20,342.0,342.0,342.0,342.0
2025-07-21,300.0,300.0,300.0,300.0
2025-07-22,296.0,296.0,296.0,296.0
2025-07-23,275.0,275.0,275.0,275.0
2025-07-24,283.0,283.0,283.0,283.0
2025-07-25,375.0,375.0,375.0,375.0
2025-07-26,284.0,284.0,284.0,284.0
2025-07-27,398.0,398.0,398.0,398.0
2025-07-28,450.0,450.0,450.0,450.0
2025-07-29,313.0,313.0,313.0,313.0
2025-07-30,310.0,310.0,310.0,310.0
2025-07-31,370.0,370.0,370.0,370.0
2025-08-01,305.0,305.0,305.0,305.0
2025-08-02,279.0,279.0,279.0,279.0
2025-08-03,410.0,410.0,410.0,410.0
2025-08-04,392.0,392.0,392.0,392.0
2025-08-05,244.0,244.0,244.0,244.0
2025-08-06,329.0,329.0,329.0,329.0
2025-08-07,373.0,373.0,373.0,373.0
2025-08-08,372.0,372.0,372.0,372.0
2025-08-09,346.0,346.0,346.0,346.0
2025-08-10,409.0,409.0,409.0,409.0
2025-08-11,367.0,367.0,367.0,367.0
2025-08-12,398.0,398.0,398.0,398.0
2025-08-13,347.0,347.0,347.0,347.0
2025-08-14,316.0,316.0,316.0,316.0
2025-08-15,394.0,394.0,394.0,394.0
2025-08-16,288.0,288.0,288.0,288.0
2025-08-17,363.0,363.0,363.0,363.0
2025-08-18,432.0,432.0,432.0,432.0
2025-08-19,281.0,281.0,281.0,281.0
2025-08-20,270.0,270.0,270.0,270.0
2025-08-21,247.0,247.0,247.0,247.0
2025-08-22,246.0,246.0,246.0,246.0
2025-08-23,227.0,227.0,227.0,227.0
2025-08-24,350.0,350.0,350.0,350.0
2025-08-25,301.0,301.0,301.0,301.0
2025-08-26,171.0,171.0,171.0,171.0
2025-08-27,151.0,151.0,151.0,151.0
2025-08-28,196.0,196.0,196.0,196.0
2025-08-29,220.0,220.0,220.0,220.0
2025-08-30,183.0,183.0,183.0,183.0
2025-08-31,201.0,201.0,201.0,201.0
2025-09-01,153.0,153.0,153.0,153.0
2025-09-02,134.0,134.0,134.0,134.0
2025-09-03,164.0,164.0,164.0,164.0
2025-09-04,165.0,165.0,165.0,165.0
2025-09-05,154.0,154.0,154.0,154.0
2025-09-06,140.0,140.0,140.0,140.0
2025-09-07,150.0,150.0,150.0,150.0
2025-09-08,280.0,280.0,280.0,280.0
2025-09-09,138.0,138.0,138.0,138.0
2025-09-10,111.0,111.0,111.0,111.0
2025-09-11,136.0,136.0,136.0,136.0
2025-09-12,253.0,253.0,253.0,253.0
2025-09-13,244.0,244.0,244.0,244.0
2025-09-14,296.0,296.0,296.0,296.0
2025-09-15,105.0,105.0,105.0,105.0
2025-09-16,188.0,188.0,188.0,188.0
2025-09-17,248.0,248.0,248.0,248.0
2025-09-18,145.0,145.0,145.0,145.0
2025-09-19,182.0,182.0,182.0,182.0
2025-09-20,110.0,110.0,110.0,110.0
2025-09-21,184.0,184.0,184.0,184.0
2025-09-22,136.0,136.0,136.0,136.0
2025-09-23,88.0,88.0,88.0,88.0
2025-09-24,168.0,168.0,168.0,168.0
2025-09-25,189.0,189.0,189.0,189.0
2025-09-26,178.0,178.0,178.0,178.0
2025-09-27,124.0,124.0,124.0,124.0
2025-09-28,211.0,211.0,211.0,211.0
2025-09-29,163.0,163.0,163.0,163.0
2025-09-30,142.0,142.0,142.0,142.0
2025-10-01,182.0,182.0,182.0,182.0
2025-10-02,166.0,166.0,166.0,166.0
2025-10-03,154.0,154.0,154.0,154.0
2025-10-04,160.0,160.0,160.0,160.0
2025-10-05,187.0,187.0,187.0,187.0
2025-10-06,150.0,150.0,150.0,150.0
2025-10-07,116.0,116.0,116.0,116.0
2025-10-08,98.0,98.0,98.0,98.0
2025-10-09,152.0,152.0,152.0,152.0
2025-10-10,123.0,123.0,123.0,123.0
2025-10-11,154.0,154.0,154.0,154.0
2025-10-12,180.0,180.0,180.0,180.0
2025-10-13,170.0,170.0,170.0,170.0
2025-10-14,148.0,148.0,148.0,148.0
2025-10-15,112.0,112.0,112.0,112.0
2025-10-16,156.0,156.0,156.0,156.0
2025-10-17,136.0,136.0,136.0,136.0
2025-10-18,123.0,123.0,123.0,123.0
2025-10-19,268.0,268.0,268.0,268.0
2025-10-20,178.0,178.0,178.0,178.0
2025-10-21,148.0,148.0,148.0,148.0
2025-10-22,134.0,134.0,134.0,134.0
2025-10-23,210.0,210.0,210.0,210.0
2025-10-24,147.0,147.0,147.0,147.0
2025-10-25,104.0,104.0,104.0,104.0
2025-10-26,202.0,202.0,202.0,202.0
2025-10-27,155.0,155.0,155.0,155.0
2025-10-28,71.0,71.0,71.0,71.0
2025-10-29,41.0,41.0,41.0,41.0
2025-10-30,122.0,122.0,122.0,122.0
2025-10-31,102.0,102.0,102.0,102.0
2025-11-01,70.0,70.0,70.0,70.0
2025-11-02,138.0,138.0,138.0,138.0
2025-11-03,182.0,182.0,182.0,182.0
2025-11-04,158.0,158.0,158.0,158.0
2025-11-05,137.0,137.0,137.0,137.0
2025-11-06,151.0,151.0,151.0,151.0
2025-11-07,178.0,178.0,178.0,178.0
2025-11-08,128.0,128.0,128.0,128.0
2025-11-09,170.0,170.0,170.0,170.0
2025-11-10,177.0,94.21884708067753,46.58191025718975,141.85578390416532
